y2016_id,y2022_id
F-02-01-na-08,Jkxp2Ho
A-05-01-na-03,Jkxp2IE
C-05-07-na-01,Jkxp2Is
C-05-07-na-02,Jkxp2Is
C-05-07-na-03,Jkxp2Is
C-05-07-na-04,Jkxp2Is
A-05-01-na-04,Jkxp2IQ
B-04-01-na-13,Jk314Eo
A-05-01-na-02,Jkxp2IY
B-04-01-na-13,Jkxp2IY
A-06-01-na-01,Jkxp2IY
A-01-03-na-01,JkxiJUs
A-01-03-na-01,JkxiJUw
A-01-03-na-04,JkxiJU4
B-04-01-na-10,JkxiJU4
A-01-02-na-01,JkxiJVI
A-01-02-na-01,JkxiJVU
A-01-03-na-02,JkxiJVU
A-01-03-na-02,JkxiJVY
A-01-02-na-01,JkxiJVY
A-01-01-na-01,JnNYL4E
A-01-01-na-02,JnNYL4I
A-01-01-na-03,JnNYL4M
C-01-01-01-01,JkxnuHs
C-01-01-01-02,JkxnuHw
C-01-01-01-03,JkxnuH0
C-01-01-01-04,JkxnuH0
C-01-01-01-05,JkxnuH0
C-01-01-01-06,JkxnuH0
C-01-01-01-07,JkxnuH4
C-01-01-01-08,JkxnuH8
C-01-01-02-01,JkxnuIA
C-01-01-02-02,JkxnuIE
C-01-01-02-03,JkxnuII
C-01-01-02-04,JkxnuIM
C-01-01-02-05,JkxnuIM
C-03-01-01-03,JkxnuIM
C-01-01-02-06,JkxnuIQ
C-01-02-01-01,JkxnuIY
C-01-02-01-02,JkxnuIc
C-01-02-01-03,JkxnuIg
C-02-01-01-01,JkxnuIk
C-02-01-01-02,JkxnuIo
C-02-01-01-03,JkxnuIo
C-02-01-01-04,JkxnuIo
C-02-03-02-01,JkxnuIs
C-02-03-02-02,JkxnuIs
C-02-03-01-01,JkxnuIw
C-02-03-01-02,JkxnuI0
C-02-03-01-03,JkxnuI0
C-02-01-02-01,JkxnuI8
C-02-01-02-02,JkxnuI8
C-02-01-02-03,JkxnuJA
C-02-01-02-04,JkxnuJA
C-02-01-02-05,JkxnuJA
C-02-01-02-04,JkxnuJA
C-02-03-02-03,JkxnuJE
C-02-02-01-01,JkxnuJI
C-02-02-01-02,JkxnuJM
C-02-02-01-03,JkxnuJQ
C-02-02-01-04,JkxnuJU
C-02-02-01-05,JkxnuJY
C-02-02-01-06,JkxnuJc
C-02-02-02-01,JkxnuJg
C-02-03-02-04,JkxnuJk
C-02-03-02-05,JkxnuJo
C-02-03-04-01,JkxnuJs
C-02-03-04-02,JkxnuJs
C-02-03-04-03,JkxnuJw
C-02-03-04-04,JkxnuJ0
C-02-04-na-01,JkxnuJ8
C-02-04-na-07,JkxnuJ8
C-02-04-na-02,JkxnuKA
C-02-04-na-08,JkxnuKA
C-02-04-na-03,JkxnuKE
C-02-04-na-05,JkxnuKE
C-02-04-na-06,JkxnuKE
C-02-04-na-04,JkxnuKI
C-02-04-na-09,JkxnuKM
C-02-05-na-01,JkxnuKQ
C-02-05-na-01,JkxnuKU
C-02-05-na-02,JkxnuKU
C-02-05-na-03,JkxnuKU
C-02-05-na-04,JkxnuKU
C-02-05-na-05,JkxnuKU
C-02-05-na-06,JkxnuKU
C-02-05-na-07,JkxnuKU
C-02-05-na-10,JkxnuKY
C-02-05-na-11,JkxnuKY
C-02-05-na-08,JkxnuKc
C-02-05-na-09,JkxnuKc
C-02-05-na-12,JkxnuKg
C-02-05-na-13,JkxnuKk
C-02-05-na-14,JkxnuKo
C-02-05-na-15,JkxnuKs
C-02-05-na-16,JkxnuKw
C-02-05-na-16,JkxnuK0
C-02-03-04-05,JkxnuK0
C-03-01-04-02,JkxnuLA
C-03-01-04-03,JkxnuLA
C-03-01-04-04,JkxnuLI
C-03-01-04-05,JkxnuLI
C-03-01-04-06,JkxnuLI
C-03-01-04-07,JkxnuLI
C-03-01-04-09,JkxnuLM
C-03-01-04-11,JkxnuLQ
E-02-04-02-09,JkxnuLQ
E-02-04-02-10,JkxnuLQ
E-02-04-02-12,JkxnuLQ
D-07-01-na-15,JkxnuLU
C-03-01-01-02,JkxnuLY
C-03-01-01-04,JkxnuLc
C-03-01-01-05,JkxnuLc
C-03-01-01-06,JkxnuLc
C-03-01-01-07,JkxnuLc
C-03-01-03-01,JkxnuLg
C-03-01-03-03,JkxnuLo
C-03-01-03-02,JkxnuLo
C-03-01-04-10,JkxnuLs
E-02-04-03-01,JkxnuLs
C-03-01-05-01,JkxnuLw
C-03-01-05-02,JkxnuLw
C-03-01-05-03,JkxnuLw
C-03-01-05-04,JkxnuLw
C-03-01-05-05,JkxnuLw
F-02-08-na-05,JkxnuL0
C-03-01-02-02,JkxnuL4
C-03-01-02-03,JkxnuL4
C-03-02-01-02,JkxnuMI
C-03-01-02-01,JkxnuMI
C-02-03-03-01,JkxnuMQ
C-02-03-03-02,JkxnuMQ
C-03-02-01-04,JkxnuMQ
C-03-02-02-01,JkxnuMU
C-03-02-02-02,JkxnuMY
C-03-02-02-03,JkxnuMY
C-02-03-03-01,JkxnuMY
C-02-03-03-02,JkxnuMY
C-03-02-01-04,JkxnuMY
C-03-02-03-03,JkxnuMc
C-02-03-03-01,JkxnuMc
C-02-03-03-02,JkxnuMc
C-03-02-01-04,JkxnuMc
C-02-03-03-01,JkxnuMg
C-02-03-03-02,JkxnuMg
C-03-02-01-04,JkxnuMg
C-02-03-03-01,JkxnuMk
C-02-03-03-02,JkxnuMk
C-03-02-01-04,JkxnuMk
C-02-03-03-01,JkxnuMo
C-02-03-03-02,JkxnuMo
C-03-02-01-04,JkxnuMo
C-03-02-04-01,JkxnuMs
C-03-02-04-02,JkxnuMw
C-03-02-04-03,JkxnuM0
C-03-02-02-04,JkxnuM0
C-03-02-01-01,JkxnuM0
C-03-02-01-03,JkxnuM0
C-03-02-04-04,JkxnuM4
C-03-02-04-05,JkxnuM8
C-03-03-01-03,JkxnuNA
C-03-03-02-01,JkxnuNA
C-03-03-01-01,JkxnuNA
C-03-03-01-02,JkxnuNE
C-03-03-02-01,JkxnuNE
F-02-08-na-08,JkxnuNM
C-03-03-02-01,JkxnuNM
C-04-01-na-01,JkxnuNY
C-04-01-na-02,JkxnuNc
C-04-01-na-03,JkxnuNc
C-04-01-na-04,JkxnuNc
C-04-01-na-05,JkxnuNg
C-04-01-na-06,JkxnuNg
C-04-01-na-07,JkxnuNk
C-04-02-na-01,JkxnuNo
C-04-02-na-03,JkxnuNo
C-04-02-na-02,JkxnuNs
C-04-03-na-01,JkxnuNw
C-04-03-na-02,JkxnuN0
C-04-03-na-03,JkxnuN4
C-04-03-na-04,JkxnuN8
C-04-03-na-05,JkxnuOA
C-04-03-na-06,JkxnuOE
C-04-04-na-01,JkxnuOI
C-04-04-na-02,JkxnuOI
C-04-04-na-04,JkxnuOQ
D-05-04-10-01,JkxnuOQ
C-04-05-na-01,JkxnuOY
C-04-05-na-02,JkxnuOc
C-04-05-na-03,JkxnuOc
C-04-05-na-04,JkxnuOg
C-04-06-na-01,JkxnuOs
C-04-06-na-02,JkxnuOw
C-04-06-na-04,JkxnuO4
C-04-06-na-05,JkxnuO8
C-04-06-na-06,JkxnuPA
D-01-01-na-01,JkxnuPM
D-01-01-na-02,JkxnuPM
D-01-01-na-03,JkxnuPM
D-01-01-na-04,JkxnuPM
D-01-01-na-05,JkxnuPM
D-01-01-na-06,JkxnuPM
D-01-01-na-07,JkxnuPM
D-01-01-na-08,JkxnuPM
D-01-03-na-01,JkxnuPQ
D-01-03-na-02,JkxnuPQ
D-01-03-na-03,JkxnuPQ
D-01-03-na-04,JkxnuPQ
D-01-03-na-05,JkxnuPQ
D-01-03-na-06,JkxnuPQ
D-01-03-na-01,JkxnuPQ
D-01-03-na-02,JkxnuPQ
D-01-03-na-03,JkxnuPQ
D-01-03-na-04,JkxnuPQ
D-01-03-na-05,JkxnuPQ
D-01-03-na-06,JkxnuPQ
D-01-03-na-01,JkxnuPQ
D-01-03-na-02,JkxnuPQ
D-01-03-na-03,JkxnuPQ
D-01-03-na-04,JkxnuPQ
D-01-03-na-05,JkxnuPQ
D-01-03-na-06,JkxnuPQ
D-01-03-na-01,JkxnuPQ
D-01-03-na-02,JkxnuPQ
D-01-03-na-03,JkxnuPQ
D-01-03-na-04,JkxnuPQ
D-01-03-na-05,JkxnuPQ
D-01-03-na-06,JkxnuPQ
D-01-03-na-04,JkxnuPQ
D-01-03-na-05,JkxnuPQ
D-01-03-na-04,JkxnuPQ
D-01-03-na-05,JkxnuPQ
D-01-03-na-04,JkxnuPQ
D-01-03-na-05,JkxnuPQ
D-01-02-na-01,JkxnuPU
D-01-02-na-02,JkxnuPU
D-01-02-na-02,JkxnuPU
F-02-13-na-01,JkxnuPY
F-02-13-na-05,JkxnuPY
D-01-04-01-01,JkxnuPc
D-01-04-01-02,JkxnuPc
D-01-04-01-03,JkxnuPc
D-01-04-01-04,JkxnuPc
D-01-04-01-05,JkxnuPc
D-01-04-02-01,JkxnuPc
D-01-04-02-02,JkxnuPc
D-01-04-02-03,JkxnuPc
D-01-04-02-04,JkxnuPc
D-01-04-02-05,JkxnuPc
D-01-04-02-06,JkxnuPc
D-01-04-02-07,JkxnuPc
D-01-04-04-01,JkxnuPc
D-01-04-04-02,JkxnuPc
D-01-04-04-03,JkxnuPc
D-01-04-04-04,JkxnuPc
D-01-04-04-05,JkxnuPc
D-01-04-04-06,JkxnuPc
D-01-04-04-07,JkxnuPc
D-01-04-04-08,JkxnuPc
D-01-04-04-09,JkxnuPc
D-02-01-01-01,JkxnuPk
D-02-01-01-02,JkxnuPk
D-02-01-01-03,JkxnuPk
D-02-01-01-04,JkxnuPk
D-02-01-01-05,JkxnuPk
D-02-01-02-01,JkxnuPk
D-02-01-02-02,JkxnuPk
D-02-01-02-03,JkxnuPk
D-02-01-03-01,JkxnuPk
D-02-01-03-03,JkxnuPk
D-02-01-03-02,JkxnuPk
D-02-01-04-01,JkxnuPk
D-02-01-04-02,JkxnuPk
D-02-01-04-03,JkxnuPk
D-02-01-05-01,JkxnuPk
D-02-01-05-02,JkxnuPk
D-02-01-05-03,JkxnuPk
D-02-01-06-01,JkxnuPk
D-02-01-06-02,JkxnuPk
D-02-01-07-01,JkxnuPk
D-02-01-07-02,JkxnuPk
D-02-01-07-03,JkxnuPk
D-02-03-na-01,JkxnuPo
D-02-03-na-02,JkxnuPo
D-02-03-na-03,JkxnuPo
D-02-03-na-04,JkxnuPo
D-02-03-na-05,JkxnuPo
D-02-03-na-01,JkxnuPo
D-02-03-na-02,JkxnuPo
D-02-03-na-03,JkxnuPo
D-02-03-na-04,JkxnuPo
D-02-03-na-05,JkxnuPo
D-02-03-na-01,JkxnuPo
D-02-03-na-02,JkxnuPo
D-02-03-na-03,JkxnuPo
D-02-03-na-04,JkxnuPo
D-02-03-na-05,JkxnuPo
D-02-03-na-01,JkxnuPo
D-02-03-na-02,JkxnuPo
D-02-03-na-03,JkxnuPo
D-02-03-na-04,JkxnuPo
D-02-03-na-05,JkxnuPo
D-02-03-na-01,JkxnuPo
D-02-03-na-02,JkxnuPo
D-02-03-na-03,JkxnuPo
D-02-03-na-04,JkxnuPo
D-02-03-na-05,JkxnuPo
D-02-03-na-01,JkxnuPo
D-02-03-na-02,JkxnuPo
D-02-03-na-03,JkxnuPo
D-02-03-na-04,JkxnuPo
D-02-03-na-05,JkxnuPo
D-02-03-na-01,JkxnuPo
D-02-03-na-02,JkxnuPo
D-02-03-na-03,JkxnuPo
D-02-03-na-04,JkxnuPo
D-02-03-na-05,JkxnuPo
D-02-03-na-01,JkxnuPo
D-02-03-na-02,JkxnuPo
D-02-03-na-03,JkxnuPo
D-02-03-na-04,JkxnuPo
D-02-03-na-05,JkxnuPo
D-02-03-01-01,JkxnuPo
D-02-03-01-02,JkxnuPo
D-02-03-01-03,JkxnuPo
D-02-03-03-01,JkxnuPo
D-02-03-04-02,JkxnuPo
D-02-03-04-03,JkxnuPo
D-02-03-01-01,JkxnuPo
D-02-03-01-02,JkxnuPo
D-02-03-01-03,JkxnuPo
D-02-03-03-01,JkxnuPo
D-02-03-04-02,JkxnuPo
D-02-03-04-03,JkxnuPo
D-02-03-01-01,JkxnuPo
D-02-03-01-02,JkxnuPo
D-02-03-01-03,JkxnuPo
D-02-03-03-01,JkxnuPo
D-02-03-04-02,JkxnuPo
D-02-03-04-03,JkxnuPo
D-02-03-01-01,JkxnuPo
D-02-03-01-02,JkxnuPo
D-02-03-01-03,JkxnuPo
D-02-03-03-01,JkxnuPo
D-02-03-04-02,JkxnuPo
D-02-03-04-03,JkxnuPo
D-02-03-01-01,JkxnuPo
D-02-03-01-02,JkxnuPo
D-02-03-01-03,JkxnuPo
D-02-03-03-01,JkxnuPo
D-02-03-04-02,JkxnuPo
D-02-03-04-03,JkxnuPo
D-02-03-01-01,JkxnuPo
D-02-03-01-02,JkxnuPo
D-02-03-01-03,JkxnuPo
D-02-03-03-01,JkxnuPo
D-02-03-04-02,JkxnuPo
D-02-03-04-03,JkxnuPo
D-02-02-na-01,JkxnuPs
D-02-02-na-02,JkxnuPs
D-02-04-01-02,JkxnuPw
D-02-04-01-01,JkxnuP0
D-02-04-03-01,JkxnuP0
D-02-04-03-02,JkxnuP0
D-02-04-02-01,JkxnuP0
D-02-04-02-02,JkxnuP0
D-02-04-02-03,JkxnuP0
D-02-04-02-04,JkxnuP0
D-02-04-02-05,JkxnuP0
D-02-04-05-01,JkxnuP0
D-02-04-05-02,JkxnuP0
D-02-04-05-03,JkxnuP0
D-02-04-05-04,JkxnuP0
D-02-04-06-01,JkxnuP0
D-02-04-06-02,JkxnuP0
D-02-04-06-03,JkxnuP0
D-02-04-07-01,JkxnuP0
D-02-04-08-01,JkxnuP0
D-02-04-04-02,JkxnuP0
D-02-04-04-03,JkxnuP0
D-02-04-09-01,JkxnuP0
D-02-04-09-02,JkxnuP0
D-02-04-10-01,JkxnuP0
D-03-01-na-01,JkxnuP4
D-03-01-na-02,JkxnuP4
D-03-01-na-03,JkxnuP4
D-03-03-na-01,JkxnuP8
D-03-03-na-01,JkxnuP8
D-03-03-na-01,JkxnuP8
D-03-03-na-01,JkxnuP8
D-03-02-na-01,JkxnuQA
D-03-02-na-02,JkxnuQA
D-03-02-na-03,JkxnuQA
D-03-04-01-01,JkxnuQI
D-03-04-01-02,JkxnuQI
D-03-04-02-01,JkxnuQI
D-03-04-02-02,JkxnuQI
D-03-04-02-03.,JkxnuQI
D-03-04-03-01,JkxnuQI
D-03-04-04-01,JkxnuQI
D-03-04-04-02,JkxnuQI
D-03-04-05-01,JkxnuQI
D-03-04-05-02,JkxnuQI
D-03-04-05-03,JkxnuQI
D-03-04-06-01,JkxnuQI
D-03-04-06-02,JkxnuQI
D-03-04-07-01,JkxnuQI
D-03-04-07-02,JkxnuQI
D-03-04-07-03,JkxnuQI
D-03-04-07-04,JkxnuQI
D-03-04-07-05,JkxnuQI
D-03-04-07-06,JkxnuQI
D-03-04-08-01,JkxnuQI
D-03-04-09-01,JkxnuQI
D-03-04-09-02,JkxnuQI
D-04-01-na-01,JkxnuQM
D-04-01-na-02,JkxnuQM
D-04-01-na-03,JkxnuQM
D-04-01-na-04,JkxnuQM
D-04-01-na-05,JkxnuQM
D-04-01-na-06,JkxnuQM
D-04-01-na-07,JkxnuQM
D-04-01-na-08,JkxnuQM
D-04-03-na-01,JkxnuQQ
D-04-03-na-02,JkxnuQQ
D-04-03-na-03,JkxnuQQ
D-04-03-na-01,JkxnuQQ
D-04-03-na-02,JkxnuQQ
D-04-03-na-03,JkxnuQQ
D-04-03-na-01,JkxnuQQ
D-04-03-na-02,JkxnuQQ
D-04-03-na-03,JkxnuQQ
D-04-03-na-01,JkxnuQQ
D-04-03-na-02,JkxnuQQ
D-04-03-na-03,JkxnuQQ
D-04-03-na-01,JkxnuQQ
D-04-03-na-02,JkxnuQQ
D-04-03-na-03,JkxnuQQ
D-04-02-na-01,JkxnuQU
D-04-02-na-02,JkxnuQU
D-04-04-01-15,JkxnuQY
D-04-04-01-01,JkxnuQc
D-04-04-01-02,JkxnuQc
D-04-04-01-03,JkxnuQc
D-04-04-01-04,JkxnuQc
D-04-04-01-05,JkxnuQc
D-04-04-01-06,JkxnuQc
D-04-04-01-07,JkxnuQc
D-04-04-01-08,JkxnuQc
D-04-04-01-09,JkxnuQc
D-04-04-01-10,JkxnuQc
D-04-04-01-11,JkxnuQc
D-04-04-01-12,JkxnuQc
D-04-04-01-13,JkxnuQc
D-04-04-01-14,JkxnuQc
D-04-04-02-01,JkxnuQc
D-04-04-02-02,JkxnuQc
D-04-04-03-01,JkxnuQc
D-04-04-03-02,JkxnuQc
D-04-04-03-03,JkxnuQc
D-05-01-na-01,JkxnuQg
D-05-01-na-02,JkxnuQg
D-05-01-na-03,JkxnuQg
D-05-01-na-04,JkxnuQg
D-05-01-na-05,JkxnuQg
D-05-01-na-06,JkxnuQg
D-05-01-na-07,JkxnuQg
D-05-01-na-08,JkxnuQg
D-05-01-na-09,JkxnuQg
D-05-01-na-10,JkxnuQg
D-05-01-na-11,JkxnuQg
D-05-01-na-12,JkxnuQg
D-05-01-na-13,JkxnuQg
D-05-01-na-14,JkxnuQg
D-05-03-na-04,JkxnuQk
D-05-03-na-06,JkxnuQk
D-05-03-na-09,JkxnuQk
D-05-03-na-10,JkxnuQk
D-05-03-na-12,JkxnuQk
D-05-03-na-13,JkxnuQk
D-05-03-na-14,JkxnuQk
D-05-03-na-19,JkxnuQk
D-05-03-na-04,JkxnuQk
D-05-03-na-06,JkxnuQk
D-05-03-na-09,JkxnuQk
D-05-03-na-10,JkxnuQk
D-05-03-na-12,JkxnuQk
D-05-03-na-13,JkxnuQk
D-05-03-na-14,JkxnuQk
D-05-03-na-19,JkxnuQk
D-05-03-na-04,JkxnuQk
D-05-03-na-06,JkxnuQk
D-05-03-na-09,JkxnuQk
D-05-03-na-10,JkxnuQk
D-05-03-na-12,JkxnuQk
D-05-03-na-13,JkxnuQk
D-05-03-na-14,JkxnuQk
D-05-03-na-19,JkxnuQk
D-05-03-na-04,JkxnuQk
D-05-03-na-06,JkxnuQk
D-05-03-na-09,JkxnuQk
D-05-03-na-10,JkxnuQk
D-05-03-na-12,JkxnuQk
D-05-03-na-13,JkxnuQk
D-05-03-na-14,JkxnuQk
D-05-03-na-19,JkxnuQk
D-05-03-na-04,JkxnuQk
D-05-03-na-06,JkxnuQk
D-05-03-na-09,JkxnuQk
D-05-03-na-10,JkxnuQk
D-05-03-na-12,JkxnuQk
D-05-03-na-13,JkxnuQk
D-05-03-na-14,JkxnuQk
D-05-03-na-19,JkxnuQk
D-05-03-na-04,JkxnuQk
D-05-03-na-06,JkxnuQk
D-05-03-na-09,JkxnuQk
D-05-03-na-10,JkxnuQk
D-05-03-na-12,JkxnuQk
D-05-03-na-13,JkxnuQk
D-05-03-na-14,JkxnuQk
D-05-03-na-19,JkxnuQk
D-05-03-na-04,JkxnuQk
D-05-03-na-06,JkxnuQk
D-05-03-na-09,JkxnuQk
D-05-03-na-10,JkxnuQk
D-05-03-na-12,JkxnuQk
D-05-03-na-13,JkxnuQk
D-05-03-na-14,JkxnuQk
D-05-03-na-19,JkxnuQk
D-05-03-na-04,JkxnuQk
D-05-03-na-06,JkxnuQk
D-05-03-na-09,JkxnuQk
D-05-03-na-10,JkxnuQk
D-05-03-na-12,JkxnuQk
D-05-03-na-13,JkxnuQk
D-05-03-na-14,JkxnuQk
D-05-03-na-19,JkxnuQk
D-05-03-na-04,JkxnuQk
D-05-03-na-06,JkxnuQk
D-05-03-na-09,JkxnuQk
D-05-03-na-10,JkxnuQk
D-05-03-na-12,JkxnuQk
D-05-03-na-13,JkxnuQk
D-05-03-na-14,JkxnuQk
D-05-03-na-19,JkxnuQk
D-05-02-na-01,JkxnuQo
D-05-02-na-03,JkxnuQo
D-05-02-na-02,JkxnuQo
D-05-02-na-04,JkxnuQo
D-05-02-na-05,JkxnuQo
D-05-02-na-06,JkxnuQo
D-05-04-02-06,JkxnuQs
D-05-04-03-05,JkxnuQs
D-05-04-01-04,JkxnuQs
D-05-04-02-06,JkxnuQs
D-05-04-01-01,JkxnuQw
D-05-04-01-02,JkxnuQw
D-05-04-01-03,JkxnuQw
D-05-04-01-05,JkxnuQw
D-05-04-02-01,JkxnuQw
D-05-04-02-02,JkxnuQw
D-05-04-02-03,JkxnuQw
D-05-04-02-04,JkxnuQw
D-05-04-02-05,JkxnuQw
D-05-04-02-06,JkxnuQw
D-05-04-03-01,JkxnuQw
D-05-04-03-02,JkxnuQw
D-05-04-03-03,JkxnuQw
D-05-04-03-04,JkxnuQw
D-05-04-03-06,JkxnuQw
D-05-04-04-01,JkxnuQw
D-05-04-05-02,JkxnuQw
D-05-04-05-03,JkxnuQw
D-05-04-05-04,JkxnuQw
D-05-04-05-05,JkxnuQw
D-05-04-05-06,JkxnuQw
D-05-04-06-01,JkxnuQw
D-05-04-07-01,JkxnuQw
D-05-04-07-02,JkxnuQw
D-05-04-07-03,JkxnuQw
D-05-04-07-04,JkxnuQw
D-05-04-07-05,JkxnuQw
D-05-04-08-01,JkxnuQw
D-05-04-08-02,JkxnuQw
D-05-04-08-03,JkxnuQw
D-05-04-08-04,JkxnuQw
D-05-04-09-01,JkxnuQw
D-05-04-09-02,JkxnuQw
D-05-04-09-04,JkxnuQw
D-05-04-10-02,JkxnuQw
D-05-04-11-01,JkxnuQw
D-06-01-na-01,JkxnuQ0
D-06-01-na-02,JkxnuQ0
D-06-01-na-03,JkxnuQ0
D-06-01-na-04,JkxnuQ0
D-06-01-na-05,JkxnuQ0
D-06-01-na-06,JkxnuQ0
D-06-01-na-07,JkxnuQ0
D-06-01-na-08,JkxnuQ0
D-06-01-na-09,JkxnuQ0
D-06-01-na-10,JkxnuQ0
D-06-03-02-01,JkxnuQ4
D-06-03-02-02,JkxnuQ4
D-06-03-02-03,JkxnuQ4
D-06-03-02-04,JkxnuQ4
D-06-03-02-05,JkxnuQ4
D-06-03-02-01,JkxnuQ4
D-06-03-02-02,JkxnuQ4
D-06-03-02-03,JkxnuQ4
D-06-03-02-04,JkxnuQ4
D-06-03-02-05,JkxnuQ4
D-06-03-02-01,JkxnuQ4
D-06-03-02-02,JkxnuQ4
D-06-03-02-03,JkxnuQ4
D-06-03-02-04,JkxnuQ4
D-06-03-02-05,JkxnuQ4
D-06-03-02-01,JkxnuQ4
D-06-03-02-02,JkxnuQ4
D-06-03-02-03,JkxnuQ4
D-06-03-02-04,JkxnuQ4
D-06-03-02-05,JkxnuQ4
D-06-03-01-01,JkxnuQ4
D-06-04-01-01,JkxnuQ4
D-06-04-01-02,JkxnuQ4
D-06-03-01-01,JkxnuQ4
D-06-04-01-01,JkxnuQ4
D-06-04-01-02,JkxnuQ4
D-06-03-01-01,JkxnuQ4
D-06-04-01-01,JkxnuQ4
D-06-04-01-02,JkxnuQ4
D-06-03-01-01,JkxnuQ4
D-06-04-01-01,JkxnuQ4
D-06-04-01-02,JkxnuQ4
D-06-02-na-03,JkxnuQ8
D-06-04-08-04,JkxnuQ8
D-06-02-na-01,JkxnuQ8
D-06-02-na-02,JkxnuQ8
D-06-04-01-01,JkxnuRE
D-06-04-01-02,JkxnuRE
D-06-04-02-01,JkxnuRE
D-06-04-02-02,JkxnuRE
D-06-04-02-03,JkxnuRE
D-06-04-02-04,JkxnuRE
D-06-04-02-05,JkxnuRE
D-06-04-02-06,JkxnuRE
D-06-04-02-07,JkxnuRE
D-06-04-03-01,JkxnuRE
D-06-04-03-02,JkxnuRE
D-06-04-03-03,JkxnuRE
D-06-04-03-04,JkxnuRE
D-06-04-03-05,JkxnuRE
D-06-04-03-06,JkxnuRE
D-06-04-03-07,JkxnuRE
D-06-04-04-01,JkxnuRE
D-06-04-04-02,JkxnuRE
D-06-04-04-03,JkxnuRE
D-06-04-04-04,JkxnuRE
D-06-04-05-01,JkxnuRE
D-06-04-05-02,JkxnuRE
D-06-04-05-03,JkxnuRE
D-06-04-05-04,JkxnuRE
D-06-04-06-01,JkxnuRE
D-06-04-06-02,JkxnuRE
D-06-04-06-03,JkxnuRE
D-06-04-07-01,JkxnuRE
D-06-04-07-02,JkxnuRE
D-06-04-07-03,JkxnuRE
D-06-04-07-04,JkxnuRE
D-06-04-07-05,JkxnuRE
D-06-04-08-01,JkxnuRE
D-06-04-08-02,JkxnuRE
D-06-04-08-03,JkxnuRE
D-06-04-08-04,JkxnuRE
D-07-01-na-01,JkxnuRI
D-07-01-na-02,JkxnuRI
D-07-01-na-03,JkxnuRI
D-07-01-na-04,JkxnuRI
D-07-01-na-05,JkxnuRI
D-07-01-na-06,JkxnuRI
D-07-01-na-07,JkxnuRI
D-07-01-na-08,JkxnuRI
D-07-01-na-09,JkxnuRI
D-07-01-na-10,JkxnuRI
D-07-01-na-11,JkxnuRI
D-07-01-na-12,JkxnuRI
D-07-01-na-13,JkxnuRI
D-07-01-na-14,JkxnuRI
D-07-01-na-15,JkxnuRI
D-07-03-02-01,JkxnuRM
D-07-03-02-02,JkxnuRM
D-07-03-02-03,JkxnuRM
D-07-03-02-04,JkxnuRM
D-07-03-02-05,JkxnuRM
D-07-03-02-06,JkxnuRM
D-07-03-02-07,JkxnuRM
D-07-03-02-01,JkxnuRM
D-07-03-02-02,JkxnuRM
D-07-03-02-03,JkxnuRM
D-07-03-02-04,JkxnuRM
D-07-03-02-05,JkxnuRM
D-07-03-02-06,JkxnuRM
D-07-03-02-07,JkxnuRM
D-07-03-02-01,JkxnuRM
D-07-03-02-02,JkxnuRM
D-07-03-02-03,JkxnuRM
D-07-03-02-04,JkxnuRM
D-07-03-02-05,JkxnuRM
D-07-03-02-06,JkxnuRM
D-07-03-02-07,JkxnuRM
D-07-03-02-01,JkxnuRM
D-07-03-02-02,JkxnuRM
D-07-03-02-03,JkxnuRM
D-07-03-02-04,JkxnuRM
D-07-03-02-05,JkxnuRM
D-07-03-02-06,JkxnuRM
D-07-03-02-07,JkxnuRM
D-07-03-02-01,JkxnuRM
D-07-03-02-02,JkxnuRM
D-07-03-02-03,JkxnuRM
D-07-03-02-04,JkxnuRM
D-07-03-02-05,JkxnuRM
D-07-03-02-06,JkxnuRM
D-07-03-02-07,JkxnuRM
D-07-03-02-01,JkxnuRM
D-07-03-02-02,JkxnuRM
D-07-03-02-03,JkxnuRM
D-07-03-02-04,JkxnuRM
D-07-03-02-05,JkxnuRM
D-07-03-02-06,JkxnuRM
D-07-03-02-07,JkxnuRM
D-07-03-02-01,JkxnuRM
D-07-03-02-02,JkxnuRM
D-07-03-02-03,JkxnuRM
D-07-03-02-04,JkxnuRM
D-07-03-02-05,JkxnuRM
D-07-03-02-06,JkxnuRM
D-07-03-02-07,JkxnuRM
D-07-03-02-01,JkxnuRM
D-07-03-02-02,JkxnuRM
D-07-03-02-03,JkxnuRM
D-07-03-02-04,JkxnuRM
D-07-03-02-05,JkxnuRM
D-07-03-02-06,JkxnuRM
D-07-03-02-07,JkxnuRM
D-07-03-02-01,JkxnuRM
D-07-03-02-02,JkxnuRM
D-07-03-02-03,JkxnuRM
D-07-03-02-04,JkxnuRM
D-07-03-02-05,JkxnuRM
D-07-03-02-06,JkxnuRM
D-07-03-02-07,JkxnuRM
D-07-03-01-01,JkxnuRM
D-07-03-01-02,JkxnuRM
D-07-03-01-01,JkxnuRM
D-07-03-01-02,JkxnuRM
D-07-02-na-01,JkxnuRQ
D-07-02-na-02,JkxnuRQ
D-07-02-na-03,JkxnuRQ
D-07-02-na-04,JkxnuRQ
D-07-02-na-05,JkxnuRQ
F-02-06-na-03,JkxnuRU
F-02-11-na-04,JkxnuRU
D-07-04-01-01,JkxnuRY
D-07-04-01-02,JkxnuRY
D-07-04-01-03,JkxnuRY
D-07-04-02-01,JkxnuRY
D-07-04-02-02,JkxnuRY
D-07-04-02-03,JkxnuRY
D-07-04-02-04,JkxnuRY
D-07-04-02-05,JkxnuRY
D-07-04-02-06,JkxnuRY
D-07-04-02-07,JkxnuRY
D-07-04-02-08,JkxnuRY
D-07-04-03-01,JkxnuRY
D-07-04-03-02,JkxnuRY
D-07-04-03-03,JkxnuRY
D-07-04-03-04,JkxnuRY
D-07-04-03-05,JkxnuRY
D-07-04-03-06,JkxnuRY
D-07-04-03-07,JkxnuRY
D-07-04-03-08,JkxnuRY
D-07-04-03-09,JkxnuRY
D-07-04-03-10,JkxnuRY
D-07-04-03-11,JkxnuRY
D-07-04-03-12,JkxnuRY
D-07-04-03-13,JkxnuRY
D-07-04-03-14,JkxnuRY
D-07-04-03-15,JkxnuRY
D-07-04-03-16,JkxnuRY
D-07-04-03-17,JkxnuRY
D-07-04-04-01,JkxnuRY
D-07-04-04-02,JkxnuRY
D-07-04-04-03,JkxnuRY
D-07-04-04-04,JkxnuRY
D-07-04-05-01,JkxnuRY
D-07-04-05-02,JkxnuRY
D-07-04-05-03,JkxnuRY
D-07-04-05-04,JkxnuRY
D-07-04-05-05,JkxnuRY
D-07-04-05-06,JkxnuRY
D-07-04-05-07,JkxnuRY
D-07-04-05-08,JkxnuRY
D-07-04-05-09,JkxnuRY
D-07-04-05-10,JkxnuRY
D-07-04-05-11,JkxnuRY
D-07-04-05-11,JkxnuRY
D-07-04-06-01,JkxnuRY
D-07-04-06-02,JkxnuRY
D-07-04-06-03,JkxnuRY
D-07-04-07-01,JkxnuRY
D-07-04-07-02,JkxnuRY
D-07-04-07-03,JkxnuRY
D-07-04-08-01,JkxnuRY
D-07-04-08-02,JkxnuRY
D-07-04-08-03,JkxnuRY
D-07-04-08-04,JkxnuRY
D-07-04-08-05,JkxnuRY
D-07-04-08-06,JkxnuRY
D-07-04-08-07,JkxnuRY
D-07-04-08-08,JkxnuRY
D-07-04-08-09,JkxnuRY
D-07-04-08-10,JkxnuRY
D-07-04-08-11,JkxnuRY
D-07-04-08-12,JkxnuRY
D-08-01-na-01,JkxnuRc
D-08-01-na-02,JkxnuRc
D-08-01-na-03,JkxnuRc
D-08-01-na-04,JkxnuRc
D-08-01-na-05,JkxnuRc
D-08-01-na-06,JkxnuRc
D-08-01-na-07,JkxnuRc
D-08-01-na-08,JkxnuRc
D-08-04-02-05,JkxnuRg
D-08-02-na-02,JkxnuRk
D-08-02-na-01,JkxnuRk
D-08-02-na-03,JkxnuRk
D-08-02-na-04,JkxnuRk
D-08-04-01-06,JkxnuRo
D-08-04-01-01,JkxnuRs
D-08-04-01-02,JkxnuRs
D-08-04-01-03,JkxnuRs
D-08-04-01-04,JkxnuRs
D-08-04-01-05,JkxnuRs
D-08-03-01-01,JkxnuRs
D-08-03-01-02,JkxnuRs
D-08-03-01-03,JkxnuRs
D-08-03-01-04,JkxnuRs
D-08-04-09-01,JkxnuRs
D-08-04-09-02,JkxnuRs
D-08-04-02-01,JkxnuRs
D-08-04-02-02,JkxnuRs
D-08-04-02-03,JkxnuRs
D-08-04-03-01,JkxnuRs
D-08-04-03-02,JkxnuRs
D-08-04-04-01,JkxnuRs
D-08-04-05-01,JkxnuRs
D-08-04-05-02,JkxnuRs
D-08-04-06-01,JkxnuRs
D-08-04-06-02,JkxnuRs
D-08-04-06-03,JkxnuRs
D-08-04-06-04,JkxnuRs
.D-08-04-06-05,JkxnuRs
D-08-04-07-01,JkxnuRs
D-08-04-07-02,JkxnuRs
D-08-04-08-01,JkxnuRs
D-08-04-08-02,JkxnuRs
D-08-04-08-03,JkxnuRs
D-08-04-09-01,JkxnuRs
D-08-04-09-02,JkxnuRs
D-09-01-na-03,Jn46SWA
D-09-01-na-07,Jn46SWA
D-09-03-02-01,JkxnuR0
D-09-03-02-02,JkxnuR0
D-09-03-02-04,JkxnuR0
D-09-03-02-01,JkxnuR0
D-09-03-02-02,JkxnuR0
D-09-03-02-04,JkxnuR0
D-09-03-02-01,JkxnuR0
D-09-03-02-02,JkxnuR0
D-09-03-02-04,JkxnuR0
D-09-03-02-01,JkxnuR0
D-09-03-02-02,JkxnuR0
D-09-03-02-04,JkxnuR0
D-09-03-02-01,JkxnuR0
D-09-03-02-02,JkxnuR0
D-09-03-02-04,JkxnuR0
D-09-03-02-01,JkxnuR0
D-09-03-02-02,JkxnuR0
D-09-03-02-04,JkxnuR0
D-09-03-01-01,JkxnuR0
D-09-03-01-02,JkxnuR0
D-09-03-02-03,JkxnuR0
D-09-03-03-01,JkxnuR0
D-09-03-04-01,JkxnuR0
D-09-03-04-05,JkxnuR0
D-09-03-01-01,JkxnuR0
D-09-03-01-02,JkxnuR0
D-09-03-02-03,JkxnuR0
D-09-03-03-01,JkxnuR0
D-09-03-04-01,JkxnuR0
D-09-03-04-05,JkxnuR0
D-09-03-01-01,JkxnuR0
D-09-03-01-02,JkxnuR0
D-09-03-02-03,JkxnuR0
D-09-03-03-01,JkxnuR0
D-09-03-04-01,JkxnuR0
D-09-03-04-05,JkxnuR0
D-09-03-01-01,JkxnuR0
D-09-03-01-02,JkxnuR0
D-09-03-02-03,JkxnuR0
D-09-03-03-01,JkxnuR0
D-09-03-04-01,JkxnuR0
D-09-03-04-05,JkxnuR0
D-09-03-01-01,JkxnuR0
D-09-03-01-02,JkxnuR0
D-09-03-02-03,JkxnuR0
D-09-03-03-01,JkxnuR0
D-09-03-04-01,JkxnuR0
D-09-03-04-05,JkxnuR0
D-09-03-01-01,JkxnuR0
D-09-03-01-02,JkxnuR0
D-09-03-02-03,JkxnuR0
D-09-03-03-01,JkxnuR0
D-09-03-04-01,JkxnuR0
D-09-03-04-05,JkxnuR0
D-09-03-01-01,JkxnuR0
D-09-03-01-02,JkxnuR0
D-09-03-02-03,JkxnuR0
D-09-03-03-01,JkxnuR0
D-09-03-04-01,JkxnuR0
D-09-03-04-05,JkxnuR0
D-09-03-01-01,JkxnuR0
D-09-03-01-02,JkxnuR0
D-09-03-02-03,JkxnuR0
D-09-03-03-01,JkxnuR0
D-09-03-04-01,JkxnuR0
D-09-03-04-05,JkxnuR0
D-09-03-01-01,JkxnuR0
D-09-03-01-02,JkxnuR0
D-09-03-02-03,JkxnuR0
D-09-03-03-01,JkxnuR0
D-09-03-04-01,JkxnuR0
D-09-03-04-05,JkxnuR0
D-09-02-01-01,JkxnuR4
D-09-02-02-01,JkxnuR4
D-09-02-02-02,JkxnuR4
D-09-02-02-03,JkxnuR4
D-09-02-02-04,JkxnuR4
D-09-04-01-01,JkxnuSA
D-09-04-01-02,JkxnuSA
D-09-04-01-03,JkxnuSA
D-09-04-02-01,JkxnuSA
D-09-04-02-02,JkxnuSA
D-09-04-02-03,JkxnuSA
D-09-04-02-04,JkxnuSA
D-09-04-02-05,JkxnuSA
D-09-04-02-06,JkxnuSA
D-09-04-03-01,JkxnuSA
D-09-04-03-02,JkxnuSA
D-09-04-03-03,JkxnuSA
D-09-04-03-04,JkxnuSA
D-09-04-03-05,JkxnuSA
D-10-03-na-01,JkxnuSE
D-10-03-na-02,JkxnuSE
D-10-03-na-03,JkxnuSE
D-10-01-na-02,JkxnuSE
D-10-03-na-04,JkxnuSE
D-10-03-na-05,JkxnuSE
D-10-03-na-06,JkxnuSE
D-10-03-na-07,JkxnuSE
D-10-02-na-01,JkxnuSI
D-10-02-na-02,JkxnuSI
D-10-02-na-03,JkxnuSI
D-10-02-na-01,JkxnuSI
D-10-02-na-02,JkxnuSI
D-10-02-na-03,JkxnuSI
D-10-02-na-01,JkxnuSI
D-10-02-na-02,JkxnuSI
D-10-02-na-03,JkxnuSI
F-01-30-na-01,JkxnuSI
F-01-30-na-02,JkxnuSI
F-01-30-na-03,JkxnuSI
G-02-30-na-01,JkxnuSI
G-02-30-na-02,JkxnuSI
G-02-30-na-03,JkxnuSI
G-02-30-na-04,JkxnuSI
G-02-30-na-05,JkxnuSI
F-01-30-na-01,JkxnuSI
F-01-30-na-02,JkxnuSI
F-01-30-na-03,JkxnuSI
G-02-30-na-01,JkxnuSI
G-02-30-na-02,JkxnuSI
G-02-30-na-03,JkxnuSI
G-02-30-na-04,JkxnuSI
G-02-30-na-05,JkxnuSI
D-10-01-na-01,JkxnuSM
D-10-01-na-04,JkxnuSM
D-10-01-na-03,JkxnuSM
D-10-03-na-08,JkxnuSQ
D-10-04-na-01,JkxnuSU
D-10-04-na-02,JkxnuSU
D-10-04-na-03,JkxnuSU
D-10-04-na-04,JkxnuSU
D-10-04-na-05,JkxnuSU
E-07-03-na-05,Jli53Ic
E-07-03-na-07,Jli53Ic
E-07-03-na-07,Jli53IY
E-07-03-na-05,Jli53IQ
E-07-03-na-07,Jli53IQ
E-07-03-na-05,Jli53IM
E-07-03-na-07,Jli53IM
D-11-01-na-01,JkxnuSY
D-11-01-na-02,JkxnuSY
D-11-01-na-03,JkxnuSY
D-11-03-na-01,JkxnuSc
D-11-04-01-02,JkxnuSc
D-11-03-na-01,JkxnuSc
D-11-04-01-02,JkxnuSc
D-11-03-na-01,JkxnuSc
D-11-04-01-02,JkxnuSc
D-11-03-na-01,JkxnuSc
D-11-04-01-02,JkxnuSc
D-11-02-na-01,JkxnuSg
D-11-02-na-02,JkxnuSg
D-11-04-01-01,JkxnuSs
D-12-01-na-01,JkxnuSw
D-12-01-na-03,JkxnuSw
D-12-01-na-04,JkxnuSw
D-12-01-na-05,JkxnuSw
D-12-01-na-06,JkxnuSw
D-12-01-na-07,JkxnuSw
D-12-01-na-08,JkxnuSw
D-12-01-na-09,JkxnuSw
D-12-02-na-02,JkxnuSw
D-12-02-na-03,JkxnuSw
D-12-02-na-01,JkxnuS0
D-12-02-na-05,JkxnuS0
D-12-02-na-04,JkxnuS4
F-02-03-na-12,JkxnuS4
D-12-04-01-01,JkxnuTA
D-12-04-01-02,JkxnuTA
D-12-04-01-03,JkxnuTA
D-12-04-01-04,JkxnuTA
D-12-04-01-06,JkxnuTA
D-12-04-01-07,JkxnuTA
D-12-04-02-01,JkxnuTA
D-12-04-02-02,JkxnuTA
D-12-04-02-03,JkxnuTA
D-12-04-03-01,JkxnuTA
D-12-04-03-02,JkxnuTA
D-12-04-03-03,JkxnuTA
D-12-04-03-04,JkxnuTA
D-12-04-04-01,JkxnuTA
D-12-04-04-02,JkxnuTA
D-12-04-04-03,JkxnuTA
D-12-04-05-01,JkxnuTA
D-12-04-05-02,JkxnuTA
D-12-04-05-03,JkxnuTA
D-12-04-05-04,JkxnuTA
D-12-04-05-05,JkxnuTA
D-12-04-06-01,JkxnuTA
D-12-04-06-02,JkxnuTA
D-12-04-07-01,JkxnuTA
D-12-04-07-02,JkxnuTA
D-12-04-08-01,JkxnuTA
D-12-04-09-01,JkxnuTA
D-12-04-09-02,JkxnuTA
D-12-04-09-03,JkxnuTA
D-12-04-01-05,JkxnuTA
D-12-04-04-04,JkxnuTA
D-12-04-10-01,JkxnuTA
D-12-04-10-02,JkxnuTA
D-12-04-10-03,JkxnuTA
C-04-03-na-06,JkxnuOE
D-13-01-na-01,JkxnuTE
D-13-01-na-02,JkxnuTE
D-13-01-na-03,JkxnuTE
D-13-01-na-04,JkxnuTE
D-13-03-02-01,JkxnuTI
D-13-03-02-02,JkxnuTI
D-13-03-02-03,JkxnuTI
D-13-03-02-01,JkxnuTI
D-13-03-02-02,JkxnuTI
D-13-03-02-03,JkxnuTI
D-13-03-02-01,JkxnuTI
D-13-03-02-02,JkxnuTI
D-13-03-02-03,JkxnuTI
D-13-03-01-01,JkxnuTI
D-13-03-01-01,JkxnuTI
D-13-03-01-01,JkxnuTI
D-13-03-01-01,JkxnuTI
D-13-03-01-01,JkxnuTI
D-13-03-01-01,JkxnuTI
D-13-02-na-01,JkxnuTM
D-13-02-na-01,JkxnuTM
D-13-02-na-01,JkxnuTM
D-13-02-na-01,JkxnuTM
D-13-02-na-01,JkxnuTM
D-13-04-01-01,JkxnuTU
D-13-04-01-02,JkxnuTU
D-13-04-01-03,JkxnuTU
D-13-04-01-04,JkxnuTU
D-13-04-01-05,JkxnuTU
D-13-04-01-06,JkxnuTU
D-13-04-01-07,JkxnuTU
D-13-04-01-08,JkxnuTU
D-13-04-01-09,JkxnuTU
D-13-04-01-10,JkxnuTU
D-13-04-02-01,JkxnuTU
D-14-01-na-01,JkxnuTY
D-14-01-na-02,JkxnuTY
D-14-01-na-03,JkxnuTY
D-14-01-na-04,JkxnuTY
D-14-01-na-05,JkxnuTY
D-14-01-na-06,JkxnuTY
D-14-02-na-01,JkxnuTc
D-14-02-na-02,JkxnuTc
D-14-02-na-01,JkxnuTc
D-14-02-na-02,JkxnuTc
D-14-03-01-01,JkxnuTc
D-14-03-01-01,JkxnuTc
D-14-03-01-01,JkxnuTc
D-14-03-01-01,JkxnuTc
D-14-03-01-01,JkxnuTc
D-14-03-01-01,JkxnuTc
D-14-03-01-01,JkxnuTc
D-14-03-01-01,JkxnuTc
D-14-03-01-01,JkxnuTc
D-14-03-01-01,JkxnuTc
D-14-03-01-01,JkxnuTc
D-14-03-01-01,JkxnuTc
D-14-03-01-01,JkxnuTc
D-14-03-01-01,JkxnuTc
D-14-02-na-01,JkxnuTg
D-14-02-na-02,JkxnuTg
D-14-04-01-10,JkxnuTk
D-14-04-01-01,JkxnuTo
D-14-04-01-02,JkxnuTo
D-14-04-01-03,JkxnuTo
D-14-04-01-04,JkxnuTo
D-14-04-01-05,JkxnuTo
D-14-04-01-06,JkxnuTo
D-14-04-01-07,JkxnuTo
D-14-04-01-08,JkxnuTo
D-14-04-01-09,JkxnuTo
D-14-04-01-10,JkxnuTo
D-14-04-01-11,JkxnuTo
D-14-04-01-12,JkxnuTo
D-14-04-02-01,JkxnuTo
D-14-04-02-02,JkxnuTo
D-15-02-na-02,JkxnuTw
D-15-02-na-02,JkxnuTw
D-15-02-na-02,JkxnuTw
D-15-02-na-01,JkxnuTw
D-15-02-na-02,JkxnuTw
D-15-02-na-03,JkxnuTw
D-15-02-na-01,JkxnuTw
D-15-02-na-02,JkxnuTw
D-15-02-na-03,JkxnuTw
D-15-02-na-01,JkxnuTw
D-15-02-na-02,JkxnuTw
D-15-02-na-03,JkxnuTw
D-15-01-na-05,JkxnuT0
D-15-01-na-02,JkxnuT0
D-15-01-na-01,JkxnuT4
D-15-01-na-03,JkxnuT4
D-15-01-na-04,JkxnuT4
D-15-03-na-02,JkxnuT8
D-15-03-na-01,JkxnuT8
D-15-03-na-03,JkxnuT8
D-15-03-na-05,JkxnuT8
D-15-03-na-06,JkxnuT8
D-15-03-na-04,JkxnuT8
D-15-03-na-07,JkxnuT8
D-15-03-na-09,JkxnuT8
D-15-03-na-07,JkxnuT8
D-15-03-na-08,JkxnuT8
D-15-03-na-08,JkxnuT8
D-15-03-na-10,JkxnuT8
E-08-01-na-05,JkxnuT8
E-01-01-na-01,JkxnuUA
E-01-01-na-02,JkxnuUE
E-01-01-na-03,JkxnuUI
E-01-01-na-04,JkxnuUM
E-01-01-na-05,JkxnuUQ
E-01-01-na-06,JkxnuUU
E-01-01-na-07,JkxnuUY
E-01-01-na-08,JkxnuUc
E-04-03-01-01,JnGUA2Q
E-04-02-na-01,JnGUA2Y
E-04-02-na-02,JnGUA2Y
E-04-02-na-03,JnGUA2Y
E-04-02-na-04,JnGUA2Y
E-04-02-na-05,JnGUA2Y
E-04-02-na-06,JnGUA2Y
E-04-02-na-07,JnGUA2Y
E-04-02-na-08,JnGUA2Y
E-04-02-na-09,JnGUA2Y
E-04-02-na-10,JnGUA2Y
E-04-02-na-11,JnGUA2Y
E-04-02-na-12,JnGUA2Y
F-02-03-na-11,JnGUA2g
F-02-13-na-08,JnGUA2o
E-04-03-01-01,JnGUA2s
E-02-01-na-02,JkxnuUg
E-02-01-na-02,JkxnuUk
E-02-01-na-03,JkxnuUk
E-02-01-na-06,JkxnuUo
E-02-01-na-04,JkxnuUs
E-02-02-na-06,JkxnuUs
E-02-01-na-05,JkxnuUw
E-02-01-na-02,JkxnuU0
E-02-01-na-02,JkxnuU4
E-02-01-na-03,JkxnuU4
E-02-01-na-07,JkxnuVA
E-02-02-na-01,JkxnuVE
E-02-02-na-01,JkxnuVI
E-02-02-na-07,JkxnuVc
E-02-04-05-02,JkxnuVg
E-02-04-05-01,JkxnuVo
E-02-04-05-02,JkxnuVo
E-02-04-05-03,JkxnuVo
B-01-08-na-12,JkxnuVo
E-03-01-na-01,JkxnuXM
C-04-06-na-03,JkxnuXM
E-03-02-na-01,JkxnuXY
E-03-02-na-02,JkxnuXc
E-03-02-na-03,JkxnuXg
C-04-06-na-03,JkxnuXg
E-03-01-na-03,JkxnuXk
C-04-06-na-03,JkxnuXk
E-03-01-na-02,JkxnuXo
E-03-05-na-01,JkxnuXs
E-03-05-na-02,JkxnuXw
E-03-05-na-03,JkxnuX0
E-03-05-na-04,JkxnuX4
E-03-05-na-06,JkxnuYA
E-03-05-na-07,JkxnuYE
E-03-05-na-08,JkxnuYI
E-03-05-na-09,JkxnuYM
E-03-05-na-10,JkxnuYQ
E-03-05-na-11,JkxnuYU
E-03-05-na-13,JkxnuYc
E-03-05-na-14,JkxnuYg
E-03-05-na-12,JkxnuYg
E-03-05-na-05,JkxnuYk
E-03-03-na-02,JkxnuY4
E-03-03-na-03,Jkxnud4
E-03-03-na-04,JkxnuY8
E-03-03-na-06,JkxnuZA
E-03-03-na-07,JkxnuZA
E-03-04-na-03,JkxnuZE
G-04-01-07-05,Jkxnuaw
A-07-01-na-06,Jkxnuaw
C-04-04-na-03,JkxnubY
F-01-05-na-01,JkxnubY
F-01-05-na-02,JkxnubY
G-02-05-na-01,JkxnubY
G-02-05-na-02,JkxnubY
G-02-05-na-03,JkxnubY
G-02-05-na-04,JkxnubY
G-02-05-na-05,JkxnubY
G-02-05-na-06,JkxnubY
G-02-05-na-07,JkxnubY
G-02-05-na-08,JkxnubY
G-02-05-na-09,JkxnubY
G-02-05-na-10,JkxnubY
G-02-05-na-11,JkxnubY
D-05-03-na-05,JkxnubY
F-01-05-na-02,Jkxnubc
F-01-06-na-01,Jkxnubg
F-01-06-na-02,Jkxnubg
G-02-06-na-01,Jkxnubg
G-02-06-na-02,Jkxnubg
G-02-06-na-03,Jkxnubg
G-02-06-na-04,Jkxnubg
G-02-06-na-05,Jkxnubg
G-02-06-na-06,Jkxnubg
G-02-06-na-07,Jkxnubg
G-02-06-na-08,Jkxnubg
G-02-06-na-09,Jkxnubg
G-02-06-na-10,Jkxnubg
G-02-06-na-11,Jkxnubg
D-05-03-na-20,Jkxnubg
F-01-06-na-03,Jkxnubk
E-05-01-na-01,Jkxnubo
E-05-03-01-03,Jkxnubs
E-05-03-01-01,Jkxnubw
E-05-03-01-02,Jkxnubw
E-05-03-01-02,Jkxnubw
E-05-03-01-05,Jkxnubw
E-05-03-01-06,Jkxnubw
E-05-03-01-04,Jkxnub0
E-05-03-02-01,Jkxnub4
E-05-03-02-02,Jkxnub4
E-05-03-02-03,Jkxnub8
E-05-03-02-04,Jkxnub8
F-01-37-na-02,Jkxir3g
F-01-37-na-03,Jkxir3g
E-05-03-03-01,JkxnucA
E-05-03-03-02,JkxnucA
F-01-37-na-01,JkxnucA
F-01-37-na-02,JkxnucA
F-01-37-na-03,JkxnucA
C-04-04-na-05,JkxnuOU
F-02-09-02-10,JtPHWts
E-06-01-na-01,JkxnucE
E-06-01-na-02,JkxnucI
E-06-04-na-01,JkxnucI
E-06-01-na-03,JkxnucM
E-06-01-na-04,JkxnucQ
E-06-01-na-05,JkxnucU
E-06-01-na-07,Jkxnucc
E-06-02-na-01,Jkxnucc
E-06-02-na-04,Jkxnucc
E-06-02-na-02,Jkxnuck
E-06-02-na-03,Jkxnuco
E-06-01-na-06,Jkxnuco
B-01-04-na-05,JkxoNsg
B-01-08-na-02,JkxoNsw
B-01-08-na-08,JkxoNsw
B-01-08-na-09,JkxoNsw
B-01-07-na-01,JkxoNs0
A-07-01-na-03,JkxoNs0
B-01-08-na-13,JkxoNs0
B-01-05-na-01,JkxoNs4
B-01-06-na-04,JkxoNs8
B-01-07-na-03,JkxoNs8
B-01-05-na-02,JkxoNs8
B-01-06-na-04,JkxoNs8
B-01-07-na-03,JkxoNs8
B-01-06-na-04,JkxoNtA
B-01-07-na-03,JkxoNtA
B-01-08-na-13,JtPHo-Q
D-10-03-na-07,JtPHo-Y
B-01-06-na-04,JtPHo-Y
B-01-06-na-04,JtPHo-c
B-01-06-na-04,JkxoNtY
B-01-08-na-04,JkxoNtY
B-01-08-na-04,JkxoNtc
B-01-06-na-03,JkxoNtg
E-05-03-01-02,JkxoNtk
E-05-03-01-03,JkxoNtk
E-05-03-01-04,JkxoNtk
B-01-08-na-11,JkxoNt4
G-04-01-07-06,JkxoNuE
B-01-07-na-06,JkxoNuE
B-01-04-na-01,JkxoNuM
B-01-04-na-02,JkxoNuQ
B-01-04-na-03,JkxoNuc
B-01-04-na-04,JkxoNug
B-01-04-na-04,JkxoNuk
B-01-03-na-03,JkxoNuo
F-02-02-na-03,JkxoNuo
B-01-01-na-01,JkxoNu4
B-01-01-na-03,JkxoNu8
B-01-02-na-01,JkxoNvA
B-01-02-na-02,JkxoNvA
B-01-02-na-03,JkxoNvA
B-01-02-na-04,JkxoNvA
B-01-02-na-05,JkxoNvA
B-01-02-na-06,JkxoNvA
B-01-02-na-06,JkxoNvE
B-02-01-na-01,JkxoNvI
B-02-01-na-01,JkxoNvI
B-02-01-na-02,JkxoNvM
B-02-01-na-02,JkxoNvM
B-02-01-na-03,JkxoNvQ
B-02-01-na-03,JkxoNvQ
B-02-01-na-04,JkxoNvU
B-02-01-na-04,JkxoNvU
B-02-01-na-05,JkxoNvY
B-01-04-na-02,JkxoNvY
F-02-04-na-05,JkxoNvY
B-01-04-na-02,JkxoNvk
C-05-08-na-01,JkxoNvk
B-01-06-na-01,JkxoNvo
B-04-01-na-06,JkxoNvs
E-06-04-na-02,JkxoNv0
G-04-03-na-06,JkxoNv8
A-01-01-na-01,JmiaT00
B-01-08-na-01,JmiaT1A
B-01-08-na-08,JmiaT1A
B-01-08-na-09,JmiaT1A
B-01-08-na-07,JkxoNwM
B-01-08-na-06,JkxoNwM
A-01-03-na-05,JkxoNwM
B-01-08-na-06,JkxoNwQ
B-01-08-na-10,JkxoNwQ
B-01-07-na-02,JkxoNwU
B-01-08-na-06,JkxoNwU
B-01-08-na-06,JkxoNwU
B-01-07-na-02,JkxoNwY
B-01-08-na-06,JkxoNwY
A-07-01-na-02,JkxoNwY
A-07-01-na-02,JkxoNwY
B-01-07-na-02,JkxoNwY
B-01-08-na-10,Jk31tVo
B-04-01-na-07,JkxoNwc
A-07-02-na-03,JkxoNwc
B-01-09-na-02,JkxoNwc
A-07-02-na-05,JkxoNwc
A-07-02-na-04,JkxoNwc
B-01-09-na-01,JkxoNwo
B-01-09-na-01,JkxoNwo
B-01-09-na-01,JkxoNws
A-07-02-na-05,JkxoNws
B-01-09-na-02,JkxoNws
A-07-02-na-04,JkxoNws
A-07-02-na-05,JkxoNws
B-01-09-na-02,JkxoNws
B-04-01-na-01,JkxoNxQ
B-04-01-na-08,JkxoNxU
C-05-07-na-07,JkxoNxc
C-05-07-na-08,JkxoNxc
A-08-01-na-01,Jkxpmic
A-08-01-na-03,Jkxpmig
A-08-01-na-04,Jkxpmi8
B-01-03-na-03,JkxpmjA
A-08-01-na-02,JkxpmjE
A-08-01-na-02,Jk2L__4
A-08-01-na-02,JkxpmjI
A-02-02-na-03,JkxpmjQ
B-01-03-na-05,JkxpmjY
B-03-01-na-01,Jkxpmjc
A-08-01-na-01,Jkxpmjg
B-03-01-na-01,Jkxpmjg
B-03-01-na-02,Jkxpmjg
B-03-01-na-03,Jkxpmjg
B-03-01-na-01,Jkxpmjk
A-09-01-na-01,JkxoFEQ
A-09-01-na-02,JkxoFEQ
A-09-01-na-05,JkxoFEY
A-02-01-na-01,JkxoFEY
A-02-01-na-02,JkxoFEY
A-09-01-na-03,JkxoFEc
A-09-01-na-04,JkxoFEc
A-02-01-na-04,JkxoFEk
A-02-02-na-04,JkxoFEs
A-02-02-na-04,JkxoFEw
B-02-02-na-01,Jkxiflw
F-03-03-na-04,Jkxiflw
B-02-02-na-04,JkxifmI
F-03-02-na-02,Jkxirsc
F-03-02-na-03,Jkxirsg
A-03-01-na-01,Jkxirsg
F-03-05-08-04,Jkxirso
G-04-01-03-04,Jkxirso
F-03-05-01-06,Jkxirss
F-03-05-01-02,Jkxirss
F-03-05-01-03,Jkxirss
F-03-05-01-05,Jkxirss
F-03-05-01-01,Jkxirss
F-03-05-02-07,Jkxirs8
F-03-05-02-01,Jkxirs8
F-02-09-02-02,Jkxirs0
F-03-05-02-05,Jkxirs0
F-03-05-02-04,Jkxirs0
F-03-05-02-02,Jkxirs0
F-03-05-02-06,Jkxirs0
F-03-06-02-05,Jkxirs0
F-03-05-02-03,Jkxirs0
F-03-02-na-04,Jkxirs4
F-03-02-na-04,Jm6NdFA
G-04-02-01-04,Jkxiru4
G-04-02-02-04,Jkxiru4
G-04-02-03-04,Jkxiru4
G-04-02-04-04,Jkxiru4
G-04-02-05-04,Jkxiru4
G-04-02-06-04,Jkxiru4
G-04-02-07-04,Jkxiru4
G-04-02-08-04,Jkxiru4
G-04-02-09-04,Jkxiru4
G-04-02-10-04,Jkxiru4
G-04-02-11-04,Jkxiru4
G-04-02-13-03,Jkxiru4
G-04-02-14-04,Jkxiru4
G-04-02-15-04,Jkxiru4
G-04-01-01-05,Jkxiru4
G-04-01-03-06,Jkxiru4
F-03-05-08-06,Jkxiru4
G-04-01-04-06,Jkxiru4
F-03-03-na-01,Jkxiru8
G-03-01-na-16,Jkxiru8
A-03-01-na-04,Jkxiru8
F-03-01-na-01,Jkxiru8
F-03-01-na-02,Jkxiru8
F-03-03-na-02,JkxirvA
F-01-01-na-01,JkxirvI
F-01-02-na-01,JkxirvI
F-01-03-na-01,JkxirvI
F-01-04-na-01,JkxirvI
F-01-05-na-01,JkxirvI
F-01-06-na-01,JkxirvI
F-01-07-na-01,JkxirvI
F-01-08-na-01,JkxirvI
F-01-09-na-01,JkxirvI
F-01-10-na-01,JkxirvI
F-01-11-na-01,JkxirvI
F-01-12-na-01,JkxirvI
F-01-13-na-01,JkxirvI
F-01-14-na-01,JkxirvI
F-01-15-na-01,JkxirvI
F-01-16-na-01,JkxirvI
F-01-17-na-01,JkxirvI
F-01-18-na-01,JkxirvI
F-01-19-na-01,JkxirvI
F-01-20-na-01,JkxirvI
F-01-21-na-01,JkxirvI
F-01-22-na-01,JkxirvI
F-01-23-na-01,JkxirvI
F-01-24-na-01,JkxirvI
F-01-25-na-01,JkxirvI
F-01-26-na-01,JkxirvI
F-01-27-na-01,JkxirvI
F-01-28-na-01,JkxirvI
F-01-29-na-01,JkxirvI
F-01-30-na-01,JkxirvI
F-01-31-na-01,JkxirvI
F-01-32-na-01,JkxirvI
F-01-33-na-01,JkxirvI
F-01-34-na-01,JkxirvI
F-01-35-na-01,JkxirvI
F-01-36-na-01,JkxirvI
F-01-37-na-01,JkxirvI
F-03-01-na-04,JkxirvI
G-04-01-03-01,JkxirvI
F-03-01-na-03,JkxirvM
F-01-01-na-02,JkxirvM
F-01-02-na-02,JkxirvM
F-01-03-na-02,JkxirvM
F-01-04-na-02,JkxirvM
F-01-05-na-02,JkxirvM
F-01-06-na-02,JkxirvM
F-01-07-na-02,JkxirvM
F-01-08-na-02,JkxirvM
F-01-09-na-02,JkxirvM
F-01-10-na-02,JkxirvM
F-01-11-na-02,JkxirvM
F-01-12-na-02,JkxirvM
F-01-13-na-02,JkxirvM
F-01-14-na-02,JkxirvM
F-01-15-na-02,JkxirvM
F-01-16-na-02,JkxirvM
F-01-17-na-02,JkxirvM
F-01-18-na-02,JkxirvM
F-01-19-na-02,JkxirvM
F-01-20-na-02,JkxirvM
F-01-21-na-02,JkxirvM
F-01-22-na-02,JkxirvM
F-01-23-na-02,JkxirvM
F-01-24-na-02,JkxirvM
F-01-25-na-02,JkxirvM
F-01-26-na-02,JkxirvM
F-01-27-na-02,JkxirvM
F-01-28-na-02,JkxirvM
F-01-29-na-02,JkxirvM
F-01-30-na-02,JkxirvM
F-01-31-na-02,JkxirvM
F-01-32-na-02,JkxirvM
F-01-33-na-02,JkxirvM
F-01-34-na-02,JkxirvM
F-01-35-na-02,JkxirvM
F-01-36-na-02,JkxirvM
F-01-37-na-02,JkxirvM
G-02-01-na-01,JkxirvM
G-02-01-na-02,JkxirvM
G-02-01-na-03,JkxirvM
G-02-01-na-04,JkxirvM
G-02-01-na-05,JkxirvM
G-02-01-na-06,JkxirvM
G-02-01-na-07,JkxirvM
G-02-01-na-08,JkxirvM
G-02-02-na-01,JkxirvM
G-02-02-na-02,JkxirvM
G-02-02-na-03,JkxirvM
G-02-02-na-04,JkxirvM
G-02-02-na-05,JkxirvM
G-02-02-na-06,JkxirvM
G-02-02-na-07,JkxirvM
G-02-02-na-08,JkxirvM
G-02-02-na-09,JkxirvM
G-02-02-na-10,JkxirvM
G-02-03-na-01,JkxirvM
G-02-03-na-02,JkxirvM
G-02-03-na-03,JkxirvM
G-02-03-na-04,JkxirvM
G-02-03-na-05,JkxirvM
G-02-04-na-01,JkxirvM
G-02-04-na-02,JkxirvM
G-02-04-na-03,JkxirvM
G-02-04-na-04,JkxirvM
G-02-04-na-05,JkxirvM
G-02-04-na-06,JkxirvM
G-02-04-na-07,JkxirvM
G-02-04-na-08,JkxirvM
G-02-04-na-09,JkxirvM
G-02-04-na-10,JkxirvM
G-02-04-na-11,JkxirvM
G-02-05-na-01,JkxirvM
G-02-05-na-02,JkxirvM
G-02-05-na-03,JkxirvM
G-02-05-na-04,JkxirvM
G-02-05-na-05,JkxirvM
G-02-05-na-06,JkxirvM
G-02-05-na-07,JkxirvM
G-02-05-na-08,JkxirvM
G-02-05-na-09,JkxirvM
G-02-05-na-10,JkxirvM
G-02-05-na-11,JkxirvM
G-02-06-na-01,JkxirvM
G-02-06-na-02,JkxirvM
G-02-06-na-03,JkxirvM
G-02-06-na-04,JkxirvM
G-02-06-na-05,JkxirvM
G-02-06-na-06,JkxirvM
G-02-06-na-07,JkxirvM
G-02-06-na-08,JkxirvM
G-02-06-na-09,JkxirvM
G-02-06-na-10,JkxirvM
G-02-06-na-11,JkxirvM
G-02-07-na-01,JkxirvM
G-02-07-na-02,JkxirvM
G-02-07-na-03,JkxirvM
G-02-07-na-04,JkxirvM
G-02-07-na-05,JkxirvM
G-02-07-na-06,JkxirvM
G-02-07-na-07,JkxirvM
G-02-07-na-08,JkxirvM
G-02-07-na-09,JkxirvM
G-02-08-na-01,JkxirvM
G-02-08-na-02,JkxirvM
G-02-08-na-03,JkxirvM
G-02-08-na-04,JkxirvM
G-02-08-na-05,JkxirvM
G-02-08-na-06,JkxirvM
G-02-09-na-01,JkxirvM
G-02-09-na-02,JkxirvM
G-02-09-na-03,JkxirvM
G-02-09-na-04,JkxirvM
G-02-09-na-05,JkxirvM
G-02-09-na-06,JkxirvM
G-02-09-na-07,JkxirvM
G-02-10-na-01,JkxirvM
G-02-10-na-02,JkxirvM
G-02-10-na-03,JkxirvM
G-02-10-na-04,JkxirvM
G-02-10-na-05,JkxirvM
G-02-10-na-06,JkxirvM
G-02-11-na-01,JkxirvM
G-02-11-na-02,JkxirvM
G-02-11-na-03,JkxirvM
G-02-11-na-04,JkxirvM
G-02-11-na-05,JkxirvM
G-02-11-na-06,JkxirvM
G-02-12-na-01,JkxirvM
G-02-12-na-02,JkxirvM
G-02-12-na-03,JkxirvM
G-02-12-na-04,JkxirvM
G-02-12-na-05,JkxirvM
G-02-12-na-06,JkxirvM
G-02-12-na-07,JkxirvM
G-02-13-na-01,JkxirvM
G-02-13-na-02,JkxirvM
G-02-13-na-03,JkxirvM
G-02-13-na-04,JkxirvM
G-02-13-na-05,JkxirvM
G-02-13-na-06,JkxirvM
G-02-13-na-07,JkxirvM
G-02-14-na-01,JkxirvM
G-02-14-na-02,JkxirvM
G-02-14-na-03,JkxirvM
G-02-14-na-04,JkxirvM
G-02-14-na-05,JkxirvM
G-02-14-na-06,JkxirvM
G-02-15-na-01,JkxirvM
G-02-15-na-02,JkxirvM
G-02-15-na-03,JkxirvM
G-02-15-na-04,JkxirvM
G-02-15-na-05,JkxirvM
G-02-15-na-06,JkxirvM
G-02-15-na-07,JkxirvM
G-02-15-na-08,JkxirvM
G-02-16-na-01,JkxirvM
G-02-16-na-02,JkxirvM
G-02-16-na-03,JkxirvM
G-02-16-na-04,JkxirvM
G-02-16-na-05,JkxirvM
G-02-17-na-01,JkxirvM
G-02-17-na-02,JkxirvM
G-02-17-na-03,JkxirvM
G-02-18-na-01,JkxirvM
G-02-18-na-02,JkxirvM
G-02-18-na-03,JkxirvM
G-02-18-na-04,JkxirvM
G-02-18-na-05,JkxirvM
G-02-18-na-06,JkxirvM
G-02-18-na-07,JkxirvM
G-02-18-na-08,JkxirvM
G-02-18-na-09,JkxirvM
G-02-19-na-01,JkxirvM
G-02-19-na-02,JkxirvM
G-02-19-na-03,JkxirvM
G-02-19-na-04,JkxirvM
G-02-19-na-05,JkxirvM
G-02-19-na-06,JkxirvM
G-02-19-na-07,JkxirvM
G-02-20-na-01,JkxirvM
G-02-20-na-02,JkxirvM
G-02-20-na-03,JkxirvM
G-02-20-na-04,JkxirvM
G-02-20-na-05,JkxirvM
G-02-20-na-06,JkxirvM
G-02-20-na-07,JkxirvM
G-02-20-na-08,JkxirvM
G-02-20-na-09,JkxirvM
G-02-20-na-10,JkxirvM
G-02-20-na-11,JkxirvM
G-02-20-na-12,JkxirvM
G-02-20-na-13,JkxirvM
G-02-21-na-01,JkxirvM
G-02-21-na-02,JkxirvM
G-02-21-na-03,JkxirvM
G-02-21-na-04,JkxirvM
G-02-21-na-05,JkxirvM
G-02-21-na-06,JkxirvM
G-02-21-na-07,JkxirvM
G-02-21-na-08,JkxirvM
G-02-21-na-09,JkxirvM
G-02-22-na-01,JkxirvM
G-02-22-na-02,JkxirvM
G-02-22-na-03,JkxirvM
G-02-22-na-04,JkxirvM
G-02-22-na-05,JkxirvM
G-02-22-na-06,JkxirvM
G-02-22-na-07,JkxirvM
G-02-22-na-08,JkxirvM
G-02-23-na-01,JkxirvM
G-02-23-na-02,JkxirvM
G-02-23-na-03,JkxirvM
G-02-23-na-04,JkxirvM
G-02-23-na-05,JkxirvM
G-02-23-na-06,JkxirvM
G-02-23-na-07,JkxirvM
G-02-23-na-08,JkxirvM
G-02-23-na-09,JkxirvM
G-02-24-na-01,JkxirvM
G-02-24-na-02,JkxirvM
G-02-24-na-03,JkxirvM
G-02-24-na-04,JkxirvM
G-02-24-na-05,JkxirvM
G-02-24-na-06,JkxirvM
G-02-25-na-01,JkxirvM
G-02-25-na-02,JkxirvM
G-02-25-na-03,JkxirvM
G-02-25-na-04,JkxirvM
G-02-25-na-05,JkxirvM
G-02-25-na-06,JkxirvM
G-02-25-na-07,JkxirvM
G-02-26-na-01,JkxirvM
G-02-26-na-02,JkxirvM
G-02-26-na-03,JkxirvM
G-02-26-na-04,JkxirvM
G-02-26-na-05,JkxirvM
G-02-26-na-06,JkxirvM
G-02-26-na-07,JkxirvM
G-02-26-na-08,JkxirvM
G-02-27-na-01,JkxirvM
G-02-27-na-02,JkxirvM
G-02-27-na-03,JkxirvM
G-02-27-na-04,JkxirvM
G-02-27-na-05,JkxirvM
G-02-27-na-06,JkxirvM
G-02-28-na-01,JkxirvM
G-02-28-na-02,JkxirvM
G-02-28-na-03,JkxirvM
G-02-28-na-04,JkxirvM
G-02-28-na-05,JkxirvM
G-02-28-na-06,JkxirvM
G-02-28-na-07,JkxirvM
G-02-29-na-01,JkxirvM
G-02-29-na-02,JkxirvM
G-02-29-na-03,JkxirvM
G-02-29-na-04,JkxirvM
G-02-29-na-05,JkxirvM
G-02-29-na-06,JkxirvM
G-02-29-na-07,JkxirvM
G-02-30-na-01,JkxirvM
G-02-30-na-02,JkxirvM
G-02-30-na-03,JkxirvM
G-02-30-na-04,JkxirvM
G-02-30-na-05,JkxirvM
G-02-31-na-01,JkxirvM
G-02-31-na-02,JkxirvM
G-02-31-na-03,JkxirvM
G-02-31-na-04,JkxirvM
G-02-31-na-05,JkxirvM
G-02-31-na-06,JkxirvM
G-02-31-na-07,JkxirvM
G-02-31-na-08,JkxirvM
G-02-31-na-09,JkxirvM
G-02-32-na-01,JkxirvM
G-02-32-na-02,JkxirvM
G-02-32-na-03,JkxirvM
G-02-32-na-04,JkxirvM
G-02-33-na-01,JkxirvM
G-02-33-na-02,JkxirvM
G-02-33-na-03,JkxirvM
G-02-33-na-04,JkxirvM
G-02-33-na-05,JkxirvM
G-02-33-na-06,JkxirvM
G-02-33-na-07,JkxirvM
G-02-34-na-01,JkxirvM
G-02-34-na-02,JkxirvM
G-02-34-na-03,JkxirvM
G-02-34-na-04,JkxirvM
G-02-34-na-05,JkxirvM
G-02-34-na-06,JkxirvM
G-02-34-na-07,JkxirvM
G-02-34-na-08,JkxirvM
G-02-34-na-09,JkxirvM
G-02-34-na-10,JkxirvM
G-02-35-na-01,JkxirvM
G-02-35-na-02,JkxirvM
G-02-35-na-03,JkxirvM
G-02-35-na-04,JkxirvM
G-02-35-na-05,JkxirvM
G-02-35-na-06,JkxirvM
G-02-35-na-07,JkxirvM
G-02-35-na-08,JkxirvM
G-02-35-na-09,JkxirvM
G-02-35-na-10,JkxirvM
G-02-36-na-01,JkxirvM
G-02-36-na-02,JkxirvM
G-02-36-na-03,JkxirvM
G-02-37-na-01,JkxirvM
G-02-37-na-02,JkxirvM
G-02-37-na-03,JkxirvM
G-02-37-na-04,JkxirvM
G-02-37-na-05,JkxirvM
G-02-37-na-06,JkxirvM
G-02-37-na-07,JkxirvM
G-02-37-na-08,JkxirvM
G-02-37-na-09,JkxirvM
G-04-01-07-02,JkxirvM
F-03-05-08-01,Jkxirvg
G-04-01-01-01,Jkxirvg
G-04-01-03-01,Jkxirvg
G-04-01-04-03,Jkxirvg
G-04-01-05-01,Jkxirvg
G-04-02-01-01,Jkxirvg
G-04-02-02-01,Jkxirvg
G-04-02-03-01,Jkxirvg
G-04-02-04-01,Jkxirvg
G-04-02-05-01,Jkxirvg
G-04-02-06-01,Jkxirvg
G-04-02-07-01,Jkxirvg
G-04-02-08-01,Jkxirvg
G-04-02-09-01,Jkxirvg
G-04-02-10-01,Jkxirvg
G-04-02-11-01,Jkxirvg
G-04-02-12-01,Jkxirvg
G-04-02-14-01,Jkxirvg
G-04-02-15-01,Jkxirvg
F-03-05-08-02,Jkxirvk
G-04-01-01-02,Jkxirvk
G-04-01-03-02,Jkxirvk
G-04-01-04-04,Jkxirvk
G-04-01-05-02,Jkxirvk
G-04-02-01-02,Jkxirvk
G-04-02-02-02,Jkxirvk
G-04-02-03-02,Jkxirvk
G-04-02-04-02,Jkxirvk
G-04-02-05-02,Jkxirvk
G-04-02-06-02,Jkxirvk
G-04-02-07-02,Jkxirvk
G-04-02-08-02,Jkxirvk
G-04-02-09-02,Jkxirvk
G-04-02-10-02,Jkxirvk
G-04-02-11-02,Jkxirvk
G-04-02-13-01,Jkxirvk
G-04-02-14-02,Jkxirvk
G-04-02-15-02,Jkxirvk
F-02-03-na-01,JkxirwI
F-02-03-na-02,JkxirwM
F-02-03-na-03,JkxirwQ
F-02-03-na-04,JkxirxE
F-02-03-na-07,JkxirxE
F-03-04-na-01,JkxirxE
F-02-03-na-05,JkxirxI
F-02-03-na-06,JkxirxM
F-02-03-na-08,Jm6NdFI
F-02-03-na-11,Jm6NdFI
F-02-13-na-02,Jm6NdFI
F-02-03-na-14,Jm6NdFI
G-03-02-na-04,Jm6NdFI
F-02-03-na-13,Jm6NdFI
F-02-03-na-15,Jm6NdFI
F-02-03-na-10,Jm6NdFI
F-02-04-na-03,Jm6NdFI
F-02-04-na-04,Jm6NdFI
F-02-04-na-01,Jm6NdFI
F-02-03-na-09,Jm6NdFI
F-02-03-na-12,Jm6NdFI
F-02-07-na-01,Jm6NdFI
F-02-07-na-02,Jm6NdFI
F-02-07-na-05,Jm6NdFI
F-02-05-na-01,Jm6NdFI
F-02-05-na-02,Jm6NdFI
F-02-06-na-01,Jm6NdFI
F-02-06-na-02,Jm6NdFI
F-01-01-na-03,Jkxirx0
F-01-02-na-03,Jkxirx0
F-01-03-na-03,Jkxirx0
F-01-04-na-03,Jkxirx0
F-01-05-na-03,Jkxirx0
F-01-06-na-03,Jkxirx0
F-01-07-na-03,Jkxirx0
F-01-08-na-03,Jkxirx0
F-01-09-na-03,Jkxirx0
F-01-10-na-03,Jkxirx0
F-01-11-na-03,Jkxirx0
F-01-12-na-03,Jkxirx0
F-01-13-na-03,Jkxirx0
F-01-14-na-03,Jkxirx0
F-01-15-na-03,Jkxirx0
F-01-16-na-03,Jkxirx0
F-01-17-na-03,Jkxirx0
F-01-18-na-03,Jkxirx0
F-01-19-na-03,Jkxirx0
F-01-20-na-03,Jkxirx0
F-01-21-na-03,Jkxirx0
F-01-22-na-03,Jkxirx0
F-01-23-na-03,Jkxirx0
F-01-24-na-03,Jkxirx0
F-01-25-na-03,Jkxirx0
F-01-26-na-03,Jkxirx0
F-01-27-na-03,Jkxirx0
F-01-28-na-03,Jkxirx0
F-01-29-na-03,Jkxirx0
F-01-30-na-03,Jkxirx0
F-01-31-na-03,Jkxirx0
F-01-32-na-03,Jkxirx0
F-01-33-na-03,Jkxirx0
F-01-34-na-03,Jkxirx0
F-01-35-na-03,Jkxirx0
F-01-36-na-03,Jkxirx0
F-01-37-na-03,Jkxirx0
F-03-01-na-04,Jkxirx0
F-02-08-na-11,Jkxiry4
B-02-02-na-02,Jmicn1A
F-02-08-na-04,JkxiryY
B-03-01-na-04,JkxiryY
B-03-01-na-05,JkxiryY
F-02-08-na-09,Jkxiryw
F-02-08-na-10,Jkxiry0
F-02-08-na-14,JkxirzE
F-02-08-na-02,JkxiryU
F-02-08-na-01,JkxiryQ
F-02-08-na-06,Jkxiryg
F-02-08-na-05,Jkxiryc
F-02-08-na-07,Jkxiryo
F-02-16-na-05,Jkxiryo
F-02-08-na-12,Jkxiry8
F-02-08-na-13,JkxirzA
F-02-05-na-03,Jkxirx8
F-02-05-na-04,Jkxirx8
F-02-05-na-05,JkxiryE
F-02-06-na-03,JkxiryI
F-02-07-na-04,JkxiryM
F-02-09-01-05,JkxirzU
F-02-09-01-04,JkxirzU
F-02-09-01-06,JkxirzY
F-02-09-02-01,Jkxirzc
F-02-09-02-03,Jkxirzg
F-02-09-02-04,Jkxirzk
F-02-09-02-05,Jkxirzo
F-02-09-02-06,Jkxirzs
F-02-09-02-07,Jkxirzw
F-02-09-02-08,Jkxirz0
F-02-10-na-06,Jkxir0Q
F-02-10-na-01,Jkxir0Q
F-02-10-na-02,Jkxir0E
F-02-10-na-07,Jkxir0U
F-02-10-na-03,Jkxir0I
F-02-10-na-04,Jkxir0M
F-02-10-na-05,JtPHhOM
F-02-11-na-02,Jkxir0g
F-02-11-na-04,Jkxir0o
F-02-11-na-03,Jkxir0o
F-02-12-na-01,Jkxir0w
F-02-12-na-02,Jkxir00
F-02-13-na-01,Jkxir04
F-02-13-na-03,Jkxir1A
F-02-13-na-04,Jkxir1E
F-02-13-na-05,Jkxir1I
F-02-13-na-06,Jkxir1M
F-02-13-na-07,Jkxir1Q
F-02-13-na-08,Jkxir1U
F-02-14-na-01,Jkxir1Y
F-02-14-na-03,Jkxir1Y
F-02-14-na-05,Jkxir1g
F-02-14-na-06,Jkxir1k
F-02-14-na-02,Jkxir1k
F-02-14-na-07,Jkxir1o
F-03-05-08-03,Jkxir20
G-04-01-01-03,Jkxir20
G-04-01-03-03,Jkxir20
G-04-02-01-03,Jkxir20
G-04-02-02-03,Jkxir20
G-04-02-03-03,Jkxir20
G-04-02-04-03,Jkxir20
G-04-02-05-03,Jkxir20
G-04-02-06-03,Jkxir20
G-04-02-07-03,Jkxir20
G-04-02-08-03,Jkxir20
G-04-02-09-03,Jkxir20
G-04-02-10-03,Jkxir20
G-04-02-11-03,Jkxir20
G-04-02-13-02,Jkxir20
G-04-02-14-03,Jkxir20
G-04-02-15-03,Jkxir20
F-03-06-01-01,Jkxir3E
F-03-06-01-02,Jkxir3E
F-03-06-02-01,Jkxir3E
F-03-06-02-02,Jkxir3E
F-03-06-02-03,Jkxir3E
F-03-06-02-04,Jkxir3E
G-03-01-na-05,Jkxir3E
G-03-01-na-08,Jkxir3E
G-03-01-na-09,Jkxir3E
G-03-02-na-01,Jkxir3E
G-03-02-na-02,Jkxir3E
G-03-02-na-03,Jkxir3E
G-03-02-na-04,Jkxir3E
G-03-02-na-05,Jkxir3E
G-03-02-na-06,Jkxir3E
G-03-02-na-07,Jkxir3E
G-03-02-na-08,Jkxir3E
G-03-02-na-09,Jkxir3E
G-03-02-na-10,Jkxir3E
G-03-02-na-11,Jkxir3E
G-03-02-na-12,Jkxir3E
G-03-03-na-01,Jkxir3E
A-03-01-na-03,Jkxir3E
G-03-01-na-01,Jkxir3I
G-03-01-na-06,Jkxir3I
F-03-06-03-01,Jkxir3I
F-03-06-03-02,Jkxir3I
F-03-06-03-03,Jkxir3I
G-03-01-na-02,Jkxir3I
G-03-01-na-03,Jkxir3I
G-03-01-na-04,Jkxir3I
G-03-01-na-07,Jkxir3I
G-03-01-na-10,Jkxir3I
G-03-01-na-11,Jkxir3I
G-03-01-na-12,Jkxir3I
G-03-01-na-13,Jkxir3I
G-03-01-na-14,Jkxir3I
G-03-01-na-15,Jkxir3I
G-03-03-na-02,Jkxir3I
G-03-03-na-03,Jkxir3I
G-03-03-na-04,Jkxir3I
G-03-03-na-05,Jkxir3I
G-03-03-na-06,Jkxir3I
G-04-01-02-04,Jkxir3I
G-04-01-02-05,Jkxir3I
G-04-01-04-01,Jkxir3I
G-04-01-05-03,Jkxir3I
G-04-01-05-04,Jkxir3I
A-03-01-na-03,Jkxir3I
G-03-04-na-01,Jkxir3Q
F-02-09-02-02,Jkxir3Q
F-03-06-04-01,Jkxir3Q
A-03-01-na-06,Jkxir3Q
B-02-02-na-03,Jkxir3Q
G-03-04-na-02,Jkxir3U
F-03-06-04-02,Jkxir3U
G-04-01-07-01,Jkxir3U
A-03-01-na-06,Jkxir3U
G-03-04-na-03,Jkxir3Y
G-04-01-07-01,Jkxir3Y
F-02-10-na-05,Jkxir3Y
A-03-01-na-06,Jkxir3Y
G-02-37-na-01,Jkxir3k
G-02-37-na-02,Jkxir3k
G-02-37-na-03,Jkxir3k
G-02-37-na-04,Jkxir3k
G-02-37-na-05,Jkxir3k
G-02-37-na-06,Jkxir3k
G-02-37-na-07,Jkxir3k
G-02-37-na-08,Jkxir3k
G-02-37-na-09,Jkxir3k
F-01-37-na-02,Jkxir3k
F-01-37-na-03,Jkxir3k
A-03-01-na-06,Jkxir3k
F-02-08-na-03,Jkxirvw
G-03-01-na-17,Jkxir3o
B-02-02-na-03,Jkxir3o
G-03-01-na-17,Jkxir3s
F-03-05-08-07,Jkxir4Q
G-04-01-01-06,Jkxir4Q
G-04-01-02-06,Jkxir4Q
G-04-01-03-07,Jkxir4Q
G-04-01-04-07,Jkxir4Q
G-04-01-05-05,Jkxir4Q
G-04-02-01-05,Jkxir4Q
G-04-02-02-05,Jkxir4Q
G-04-02-03-05,Jkxir4Q
G-04-02-04-05,Jkxir4Q
G-04-02-05-05,Jkxir4Q
G-04-02-06-05,Jkxir4Q
G-04-02-07-05,Jkxir4Q
G-04-02-08-05,Jkxir4Q
G-04-02-09-05,Jkxir4Q
G-04-02-10-05,Jkxir4Q
G-04-02-11-05,Jkxir4Q
G-04-02-13-04,Jkxir4Q
G-04-02-14-05,Jkxir4Q
G-04-02-15-05,Jkxir4Q
F-02-15-na-03,Jkxir40
F-03-03-na-03,Jkxir48
F-03-02-na-05,Jkxir5E
A-03-01-na-05,Jkxir5E
A-06-03-na-01,JkxoFEE
A-06-03-na-04,JkxoFEE
A-06-03-na-05,JkxoFEM
A-06-01-na-06,JkxoFD4
B-01-08-na-05,JkxoFD4
A-06-02-na-03,JlBpVX0
A-06-01-na-07,JkxoFD8
A-06-03-na-02,JkxoFEI
F-03-06-01-03,JkxoFEI
F-03-05-01-04,JkxoFEI
A-06-03-na-04,JlBpVX4
A-06-02-na-04,JlBpVX8
A-06-01-na-04,JkxoFD0
A-06-01-na-02,JkxoFDo
A-06-01-na-03,JkxoFDs
A-06-01-na-08,JlBpRvs
A-06-02-na-01,JlBpRvw
A-06-02-na-02,JlBpRvw
A-04-01-na-01,Jli9Pdc
A-04-01-na-02,Jli9Pdc
F-03-02-na-01,Jli9Pdc
C-05-07-na-05,Jli9Pdc
A-04-01-na-01,Jli9Pdk
F-03-02-na-01,Jli9Pdk
C-05-07-na-05,Jli9Pdk
A-04-01-na-02,JkxhhVw
C-05-07-na-05,JkxhhVw
C-05-07-na-01,JkxhhVs
C-05-07-na-05,JkxhhVs
C-05-07-na-06,JkxhhVo
C-05-07-na-05,JkxhhVo
A-04-02-na-01,JkxhhV4
A-04-01-na-03,JkxhhWA
A-04-02-na-02,JkxhhWI
A-07-02-na-01,JkxhhWI
A-01-02-na-04,JkxhhWI
E-06-02-na-05,JkxhhWI
E-06-03-na-01,JkxhhWI
A-07-02-na-02,JkxhhWI
E-06-03-na-02,JkxhhWM
A-01-02-na-04,JkxhhWM
E-06-02-na-05,JkxhhWM
E-06-03-na-01,JkxhhWM
C-05-08-na-01,JkxhhWQ
F-02-01-na-07,JkxhhWQ
A-01-02-na-04,JkxhhWQ
E-06-02-na-05,JkxhhWQ
E-06-03-na-01,JkxhhWQ
A-01-02-na-02,JmiwFHw
A-01-02-na-04,JmiwFHw
E-06-02-na-05,JmiwFHw
E-06-03-na-01,JmiwFHw
A-01-03-na-02,JmiwFH8
A-01-02-na-04,JmiwFH8
E-06-02-na-05,JmiwFH8
E-06-03-na-01,JmiwFH8
A-01-03-na-03,JmiwFIA
A-04-02-na-02,JmiwFIA
A-01-02-na-04,JmiwFIA
E-06-02-na-05,JmiwFIA
E-06-03-na-01,JmiwFIA
A-01-02-na-03,JmiwFII
A-01-02-na-04,JmiwFII
E-06-02-na-05,JmiwFII
E-06-03-na-01,JmiwFII
A-04-02-na-03,JmiwmlM
A-04-02-na-04,JmiwmlM
A-04-02-na-05,JmiwmlM
A-04-02-na-06,JmiwmlM
A-04-02-na-07,JmiwmlM
A-04-02-na-03,JmiwmlQ
A-04-02-na-04,JmiwmlQ
A-04-02-na-05,JmiwmlQ
A-04-02-na-06,JmiwmlQ
A-04-02-na-07,JmiwmlQ
F-03-05-08-04,JmiwmlU
A-04-02-na-04,JmiwmlU
A-04-02-na-05,JmiwmlU
A-04-02-na-06,JmiwmlU
A-04-02-na-07,JmiwmlU
G-04-01-06-03,JmiwtUk
A-04-02-na-04,JmiwtUk
A-04-02-na-05,JmiwtUk
A-04-02-na-06,JmiwtUk
A-04-02-na-07,JmiwtUk
G-04-01-06-03,JmiwtUo
A-04-02-na-04,JmiwtUo
A-04-02-na-05,JmiwtUo
A-04-02-na-06,JmiwtUo
A-04-02-na-07,JmiwtUo
F-02-01-na-05,JkxpsrE
F-02-01-na-06,JkxpsrE
G-04-01-01-04,JkxpsrE
F-02-01-na-05,JkxpsrI
F-02-01-na-06,JkxpsrI
F-02-01-na-02,JkxpsrM
F-02-01-na-03,JkxpsrM
F-02-01-na-04,JkxpsrM
F-02-01-na-05,JkxpsrM
A-03-01-na-02,JkxpsrQ
G-01-01-03-01,JkxpsrQ
G-04-01-06-01,JkxpsrQ
F-02-01-na-02,JkxpsrQ
F-02-01-na-05,JkxpsrQ
F-02-01-na-06,JkxpsrQ
F-02-01-na-05,JkxpsrU
F-02-01-na-06,JkxpsrU
F-02-01-na-05,JkxpsrY
F-02-01-na-06,JkxpsrY
E-08-01-na-09,Jkxpsrc
F-02-08-na-14,Jkxpsrc
A-04-02-na-03,Jkxpsrg
G-04-01-06-03,Jkxpsrg
G-04-01-06-03,Jkxpsrk
A-01-02-na-03,Jkxpsrw
A-01-03-na-02,Jkxpsr0
A-04-02-na-03,Jkxpsr0
B-01-03-na-01,JkxpssE
F-02-02-na-01,JkxpssE
B-01-03-na-02,JkxpssI
F-02-02-na-02,JkxpssI
B-01-03-na-04,JkxpssM
F-02-02-na-04,JkxpssM
B-01-03-na-05,JkxpssQ
F-02-02-na-05,JkxpssQ
A-02-02-na-01,JkxpssQ
B-01-03-na-06,JkxpssU
F-02-02-na-06,JkxpssU
B-01-03-na-07,JkxpssU
F-02-02-na-07,JkxpssU
F-03-04-na-02,JkxpssU
B-04-01-na-01,Jkxpssg
C-05-01-na-01,Jkxpssg
C-05-01-na-02,Jkxpssg
C-05-02-na-01,Jkxpssg
C-05-02-na-02,Jkxpssg
C-05-02-na-03,Jkxpssg
C-05-03-na-01,Jkxpssg
C-05-03-na-02,Jkxpssg
C-05-03-na-03,Jkxpssg
C-05-03-na-04,Jkxpssg
C-05-04-na-01,Jkxpssg
C-05-06-na-01,Jkxpssg
C-05-06-na-02,Jkxpssg
C-05-08-na-01,Jkxpssg
C-05-08-na-02,Jkxpssg
C-05-08-na-03,Jkxpssg
C-05-08-na-05,Jkxpssg
C-05-04-na-01,Jkxpssk
C-05-04-na-02,Jkxpssk
C-05-04-na-03,Jkxpssk
C-05-04-na-04,Jkxpssk
C-05-08-na-03,Jkxpssk
C-05-08-na-04,Jkxpssk
F-02-16-na-01,Jli5nRk
F-02-16-na-02,Jli5nRk
F-02-16-na-03,Jli5nRk
F-02-16-na-06,Jli5nRk
F-02-16-na-04,Jli5nRs
E-09-01-na-07,JmndeG4
F-02-16-na-06,JmndeG4
A-03-01-na-07,Jli5nRw
F-02-16-na-06,Jli5nRw
A-03-01-na-08,Jli5nR4
F-02-15-na-07,Jli5nR4
F-02-16-na-06,Jli5nR4
B-04-01-na-11,Jkxpss0
B-04-01-na-11,Jkxpss4
B-01-07-na-01,JkxpstA
A-07-01-na-01,JkxpstA
B-04-01-na-11,JkxpstM
B-01-04-na-05,JkxpstQ
B-04-01-na-11,JkxpstQ
A-07-01-na-07,Jkxpstg
A-07-01-na-01,Jkxpstk
A-07-01-na-05,Jkxpstk
B-01-07-na-01,Jkxpstk
B-01-07-na-05,Jkxpstk
B-04-01-na-11,Jkxpstk
F-02-15-na-07,Jkxpstk
B-04-01-na-12,Jli5nR8
F-02-15-na-01,Jli5nR8
F-02-15-na-02,Jli5nR8
B-04-01-na-12,Jli5nSE
F-02-15-na-04,Jli5nSE
F-02-15-na-02,Jli5nSE
C-05-05-na-01,Jkxpstw
C-05-05-na-02,Jkxpstw
C-05-05-na-03,Jkxpstw
C-05-06-na-03,Jkxpstw
B-01-05-na-06,Jkxpst0
B-01-06-na-04,Jkxpst0
C-05-05-na-02,Jkxpst4
E-07-03-na-06,Jkxpst4
E-07-02-na-01,Jkxpst8
E-07-02-na-02,JkxpsuA
C-05-05-na-01,JkxpsuA
E-07-03-na-01,JkxpsuA
C-05-05-na-02,JkxpsuA
C-05-05-na-03,JkxpsuA
C-05-06-na-03,JkxpsuA
E-07-02-na-03,JkxpsuE
E-07-03-na-02,JkxpsuI
E-07-03-na-03,JkxpsuM
E-07-04-na-03,JkxpsuU
E-07-01-na-01,JkxpsuY
E-07-01-na-03,Jkxpsuc
E-07-02-na-01,Jkxpsuc
E-07-04-na-01,Jkxpsuk
E-07-04-na-02,Jkxpsuo
E-07-04-na-02,Jkxpsus
E-07-04-na-02,Jkxpsuw
B-01-08-na-03,Jkxpsu0
E-08-01-na-01,Jkxpsu0
C-05-06-na-03,Jkxpsu0
B-01-08-na-03,Jkxpsu4
E-08-01-na-02,Jkxpsu4
B-01-08-na-03,Jkxpsu8
E-08-01-na-03,Jkxpsu8
B-01-08-na-03,JkxpsvA
E-08-01-na-04,JkxpsvA
B-01-08-na-03,JkxpsvE
E-08-01-na-06,JkxpsvE
E-08-01-na-07,JkxpsvE
E-08-01-na-10,JkxpsvE
F-02-14-na-04,JkxpsvE
B-01-08-na-03,JkxpsvI
E-08-01-na-08,JkxpsvI
B-01-08-na-03,JmiZ21Y
E-08-01-na-11,JmiZ21Y
F-02-15-na-05,JmiZ21Y
F-02-15-na-06,JmiZ21Y
E-09-01-na-01,JkxpsvQ
E-09-01-na-02,JkxpsvQ
E-09-01-na-03,JkxpsvQ
E-09-01-na-04,JkxpsvQ
E-09-01-na-06,JkxpsvY
E-09-01-na-07,Jkxpsvc
E-08-01-na-12,Jkxpsvc
E-09-01-na-04,Jkxpsvg
E-09-01-na-08,Jkxpsvg
E-09-01-na-09,Jkxpsvk
E-09-01-na-10,Jkxpsvo
B-04-01-na-02,Jkxpsvs
B-01-05-na-02,Jkxpsv0
B-01-05-na-03,Jkxpsv4
B-01-06-na-05,Jkxpsv4
B-01-05-na-04,Jkxpsv8
B-01-05-na-05,JkxpswA
B-01-06-na-02,JkxpswE
B-04-01-na-11,JkxpswE
B-04-01-na-05,JkxpswI
B-04-01-na-09,JkxpswI
B-04-01-na-14,JkxpswI
B-04-01-na-01,JkxpswM
B-04-01-na-02,JkxpswM
B-04-01-na-03,JkxpswM
B-04-01-na-04,JkxpswM
B-04-01-na-09,JkxpswM
B-04-01-na-11,JkxpswM
B-04-01-na-14,JkxpswM
B-04-01-na-04,JkxpswQ
B-04-01-na-09,JkxpswQ
C-05-06-04,JkxpswQ
B-04-01-na-14,JkxpswQ
C-05-01-na-03,JkxpswQ
C-05-06-na-04,JkxpswQ
C-05-06-na-05,JkxpswQ
